Ligand SMILES,pIC50
CC(C)[C@H](NC(=O)c1csc(n1)-c1cscn1)C(=O)NCCCC(=O)NO,5.6775737
COc1ccc2[nH]cc(CCNC(=O)c3ccc(\C=C\C(=O)NO)cc3)c2c1,7.437741
CC(C)c1ncc(cn1)C(=O)N(Cc1ccc(cn1)-c1noc(n1)C(F)(F)F)c1cccc(F)c1,7.072345
CS(=O)(=O)NC[C@@H](Nc1ncc(cn1)-c1nnc(o1)C(F)F)C1CC1,6.4851274
COc1ccc(cc1NCc1ccccc1)C(=O)NO,5.2959547
COc1cc(cc(OC)c1OC)C(=O)c1csc(n1)-c1ccc(NC(=O)CCCCC(=O)Nc2ccccc2N)cc1,4.6434603
COc1ccc(Cl)cc1N1CCN(CC1)C(=O)c1ccc(s1)C(=O)C(F)(F)F,6.1337185
CCSC(=S)SCC(=O)c1cccc(CNC(C)=O)c1,5.77768
Cn1c2ccccc2c(C2CCCCC2)c(OCc2ccc(cc2)C(=O)NO)c1=O,6.4957504
CCS(=O)(=O)N(Cc1ncc(s1)-c1nnc(o1)C(F)F)c1cncc(c1)C(C)(F)F,7.539668
CC(C)[C@@H]1NC(=O)[C@]2(C)CSC(=N2)c2csc(CNC(=O)C[C@H](OC1=O)\C=C\CCSSCC\C=C\[C@@H]1CC(=O)NCc3nc(cs3)C3=N[C@@](C)(CS3)C(=O)N[C@@H](C(C)C)C(=O)O1)n2,6.6750174
NC(=O)c1cccc(c1)-c1cn(Cc2ccc(cn2)-c2nnc(o2)C(F)F)cn1,7.301076
CCNc1ccc(cn1)-c1nnn(Cc2ccc(cc2)-c2nnc(o2)C(F)F)n1,6.6467576
Cc1cc2cc(NS(=O)(=O)c3ccc(cc3)C(=O)NO)ccc2n(C)c1=O,7.371063
ONC(=O)c1ccc(Cn2nnc(n2)-c2ccc3ccccc3n2)cc1,7.9529395
COc1cc2c(NCC3CCC(CC3)C(=O)NO)cc(nc2cc1OCCCN1CCCC1)-c1ccc(C)o1,6.0635805
Cc1ccc(Nc2ncnc3sc(NC(=O)CCCCCC(=O)NO)cc23)cc1C,7.5662174
COc1cc2nc(cc(NC3CCN(CC3)c3ncc(cn3)C(=O)NO)c2cc1OC)-c1ccc(C)o1,7.0001316
CC(c1ccc(cc1)C(=O)NO)n1[se]c2ccccc2c1=O,6.9196234
ONC(=O)c1ccc(Cn2[se]c3ccc(O)cc3c2=O)cc1,6.5187235
ON(CCCCCC(=O)Nc1ccccc1)C=O,5.8846245
CC1(COC1)C(=O)NC(Cc1ccc(cn1)-c1noc(n1)C(F)(F)F)c1cccc(c1)C(F)(F)F,7.0882387
ONC(=O)\C=C\c1ccc(\C=N\OCc2c(F)c(F)c(F)c(F)c2F)cc1,7.698234
FC(F)c1nnc(o1)-c1cnc(NCc2ccccc2)nc1,6.1085796
Cn1c(N)nc2cc(ccc12)-c1cn(Cc2ccc(-c3nnc(o3)C(F)F)c(F)c2F)nn1,7.547048
Nc1ncnc2sc(cc12)-c1cn(Cc2ccc(cc2)-c2nnc(o2)C(F)F)nn1,7.152019
ONC(=O)CCCCCCC(=O)Nc1cccc(c1)-c1cn(nn1)-c1ccccc1,7.8855386
ONC(=O)\C=C\c1ccc(OC[C@H](Cc2c[nH]c3ccccc23)NC(=O)c2ccc(Cl)cc2)cc1,6.8138347
CC(C)c1ccccc1C(=O)N(CC(=O)NC(C)(C)C)Cc1ccc(cc1F)C(=O)NO,7.529397
FC(F)(F)c1nc(no1)-c1ccc(cc1)C(=O)NCCNc1ccccc1,5.6038046
OCCN(c1ccccc1)c1ncc(cn1)C(=O)NCCCCCCC(=O)NO,8.076151
CO\N=C(/Cc1ccc(OC)c(Br)c1)C(=O)NCCS,5.884253
Cc1c[nH]c(n1)-c1cc(OCc2ccc(cn2)-c2nnc(o2)C(F)F)ccn1,7.1106915
C(CCCCNCCCCCCNCc1ccco1)CCCNCCCCCCNCc1ccco1,7.9112873
ONC(=O)CCCCCCNC(=O)c1ccc(cc1)C(O)(c1ccc(F)cc1)c1ccccn1,7.5870347
COc1ccc(\C=C\C(=O)c2cc(OC)c(OC)c(OC)c2)cc1OCCCCCCC(=O)NO,6.585486
CCC(=O)CCCCC[C@H](NC(=O)[C@H]1CC11CCN(C)CC1)c1ncc([nH]1)-c1cc2ccncc2nc1OC,5.895135
CC(C)N1CCN(CC1)c1nccc2ccc(NC(=O)CCCCCCC(=O)NO)cc12,7.9961805
Nc1ncc(cn1)-c1nnn(Cc2ccc(cc2)-c2nnc(o2)C(F)F)n1,7.2923985
FC(F)c1nnc(o1)-c1cnc(CN(c2cncc(F)c2)S(=O)(=O)CCN2C[C@H]3C[C@@H]2CO3)s1,7.5378895
ONC(=O)c1ccc(NC(=O)c2cc(cc(c2)C(F)(F)F)C(F)(F)F)cc1,7.4810295
ONC(=O)c1cnc(NC2(CCN(CC2)C(=O)OCc2ccccc2)c2ccccc2)nc1,8.438888
CC(C)(C)c1ccc(CC(=O)Nc2ccc(cc2)C(=O)NO)cc1,7.561778
ONC(=O)CCCCNC(=O)c1nc(sc1C1CC1)-c1nccs1,6.5122957
ONC(=O)c1ccc(\C=C\c2ccnc(c2)-c2cc(F)ccc2O)cc1,7.3580513
FC(F)c1nnc(o1)-c1ccc(Cn2nnc(n2)-c2cncc3ccccc23)cc1,7.162672
COc1cc(cc(OC)c1OC)C(=O)c1ccc2n(Cc3ccc(cc3)C(=O)NO)ccc2c1,7.2503853
FC(F)c1nnc(o1)-c1ccc(Cn2cc(nn2)-c2ccc3NC(=O)Cc3c2)nc1,7.492008
ONC(=O)c1ccc(OCCN2CCC(CNC3CC3c3ccc(cc3)-c3ccc(F)cc3)CC2)nc1,7.1289134
FC(F)c1nnc(o1)-c1ccc(Cn2nnc(n2)-c2ccc3cnccc3c2)c(F)c1,7.2350388
CC(C)(Nc1ncc(cn1)C(=O)NO)c1cc(cc(c1)C(F)(F)F)C(F)(F)F,8.326047
ONC(=O)c1ccc(Nc2nc3ccccc3n2CC2CCCCC2)cc1,7.5451365
ONC(=O)c1ccc(CCCCN2CCN(CC2)C(c2ccccc2)c2ccccc2)cc1,5.864887
ONC(=O)c1cnc(NC2(CCN(CC2)C(=O)Cc2c[nH]c3ccccc23)c2ccccc2)nc1,8.54048
CS(=O)(=O)N(C[C@H](Nc1ncc(cn1)-c1nnc(o1)C(F)F)c1ccc(F)c(F)c1)CC(F)(F)F,6.8946996
ONC(=O)CCCCCCC(=O)Nc1cccc(c1)-c1cn(Cc2ccc(O)cc2)nn1,8.213804
CCCCN(Cc1ccc(cc1)C(=O)NO)C(=O)Nc1ncccn1,8.222065
CC[C@H](Nc1ncnc2[nH]cnc12)c1nc2cccc(CCCCC(=O)NO)c2c(=O)n1-c1ccccc1,6.72699
CS(=O)(=O)CCn1cc(cn1)-c1nc(Nc2ccc(NC(=O)CCCCCCC(=O)NO)cc2)nc2[nH]ccc12,8.353014
Cc1cccc(OCCOc2nc3ccccc3nc2CCC(O)=O)c1,5.3022
ONC(=O)c1ccc2sc(COCc3ccccc3)nc2c1,7.6078672
CC[C@H](Nc1nc(N)nc(c1C#N)C(F)(F)F)c1nc2cccc(NCc3ccc(cc3)C(=O)NO)c2c(=O)n1-c1ccccc1,7.5194573
COc1ccc(cc1OC)C(=O)c1ccc2n(Cc3ccc(cc3)C(=O)NO)ccc2c1,7.3480773
CC(C)c1ccc(cc1)-c1cc2cc(cnc2s1)C(=O)NO,7.906426
NCCCC[C@@H]1N=C(c2ccccc2)c2ccccc2N(CCCCC(=O)NO)C1=O,5.51203
SCC(=O)NCCCCCCNC(=O)Nc1ccccc1,7.883497
CC(C)C[C@H](NC(=O)CNC(=O)c1cccc(\C=C\C(=O)NO)c1)B1O[C@@H]2[C@@H]3C[C@H](C[C@]2(C)O1)C3(C)C,5.455518
CC(C)c1ccc(CC(=O)N(CC(=O)NCc2ccccc2)Cc2ccc(cc2)C(=O)NO)cc1,7.437423
NS(=O)(=O)NCCCCCC(=O)Nc1ccc2ncccc2c1,5.7301745
Cn1c2ccccc2c(-c2cccnc2)c(OCc2ccc(cc2)C(=O)NO)c1=O,6.627161
CCOC(=O)c1ccc(s1)C(=O)C(F)(F)F,6.326085
CCc1ccc(cn1)N(Cc1ncc(s1)-c1nnc(o1)C(F)F)S(C)(=O)=O,7.207312
C[C@@H]1NC(=O)C2(Cc3ccccc3C2)NC(=O)[C@H](CCCCCSSc2ccccn2)NC(=O)[C@H]2CCCN2C1=O,7.380399
Cc1ncccc1-c1nc2cc(ccc2o1)C(=O)NO,7.9263415
CCCCc1sc(nc1C(=O)NCCCCC(=O)NO)-c1nccs1,6.1064816
Cc1ccc(F)c(Nc2ncnc3cc(NC(=O)CCCCCCC(=O)NO)sc23)c1,7.938116
ONC(=O)\C=C\c1cccc(c1)S(=O)(=O)n1ccc2cccnc12,7.0787463
CN(CCCOc1cc(NC(=O)CCCCCCC(=O)NO)c(Cl)cc1Cl)CC#C,7.142482
ONC(=O)c1ccc2CC[C@@H](Cc2c1)Nc1nccc(n1)-c1cccnc1,7.0042925
CC1(C)NC(=O)[C@H](CCCCCSSc2ccccn2)NC(=O)[C@H]2CCCN2C(=O)[C@H](CO)NC1=O,7.447452
NS(=O)(=O)c1ccc(SCCCO)c(c1)C(O)=O,5.543288
Cc1ccc(NCc2ccc(cn2)-c2noc(n2)C(F)(F)F)nn1,7.544492
ONC(=O)c1ccc(Cl)c(NC(=O)c2ccc(Oc3ccccc3)cc2)c1,6.526832
CN1CCc2c(OCc3ccc(cn3)-c3nnc(o3)C(F)F)noc2C1,6.97753
COc1ccc(\C=C\C(=O)NCCCCN2CCc3nc(sc3C2)C(=O)NO)cc1,5.3619294
Cc1nc2cc(NC(=O)CCOCCOCCOCCNC(=O)COc3cccc4C(=O)N(C5CCC(=O)NC5=O)C(=O)c34)ccc2n1Cc1ccc(cc1F)C(=O)NO,6.8712564
CCNc1ncc2cc(ccc2n1)-c1cn(Cc2cc(F)c(cc2F)-c2nnc(o2)C(F)F)nn1,6.7963853
ONC(=O)c1ccc(Cl)c(NC(=O)c2cccc(Oc3ccccc3)c2)c1,6.6217427
ONC(=O)\C=C\c1ccc(CCNC(=O)c2c[nH]c3ncccc23)cc1,7.906075
COc1ccccc1CNc1ncc(cn1)C(=O)NO,7.804689
ONC(=O)c1ccc(CN2CCCCc3ccc(F)cc23)cc1,7.796635
CC[C@H](C)[C@@H]1NC(=O)[C@@H](Cc2ccc(OC)cc2)NC(=O)[C@H](CCCCCC(=O)NO)NC(=O)[C@H]2CCCN2C1=O,7.3561993
ONC(=O)c1ccc(cc1)C(c1ccccc1)c1ccccc1,6.970662
CN(C)CCNC(=O)c1ccc(cc1)[C@H]1C[C@@H]1NCC1CCN(CCCc2ccc(cc2)C(=O)NO)CC1,6.939885
ONC(=O)CCCCCN1C(=O)c2cccc3c(ccc(C1=O)c23)[N+]([O-])=O,7.9365487
FC(F)c1nnc(o1)-c1ccc(Cn2nnc(n2)-c2ccc(CN3CCCCC3)cc2)cc1,7.1080728
CC(C)c1ccc(cc1)-c1nc2cc(ccc2n1C)C(=O)NO,7.718903
ONC(=O)c1ccc(CN2C(=O)c3cccc4c(ccc(C2=O)c34)N2CCOCC2)cc1,7.9699636
COc1ccc(\C=C\c2cccc[n+]2C)c2ccccc12,7.010052
Cc1ccc(Nc2nccc3ccc(NCc4ccc(\C=C\C(=O)NO)cc4)cc23)cc1,7.867211
CC(C)(C)OC(=O)C[C@@H]1N=C(c2ccccc2)c2ccccc2N(CCCCC(=O)NO)C1=O,5.3120985
CCCc1nn(C)c2c1nc([nH]c2=O)-c1cc(ccc1OCC)[C@H]1CC[C@@H](CC1)C(=O)NO,6.0635576
OCCn1nc(cc1-c1ccc(F)cc1)C(=O)NCCCCCCS,7.423871
ONC(=O)c1ccc(NCc2nc(nn2-c2ccccc2)-c2ccccc2Cl)cc1,6.670797
CS(=O)(=O)CC(=O)N(Cc1ccc(cc1)-c1noc(n1)C(F)(F)F)c1cccc(c1)C(F)(F)F,7.2919593
ONC(=O)c1ccc(CN2c3ccccc3Sc3ccccc23)cc1,7.1287274
ONC(=O)CCNC(=S)Nc1ccc2C(=O)NC(=O)c2c1,5.831602
CC[C@H](Nc1nc(N)nc(N)c1C#N)c1nc2cccc(Cl)c2c(=O)n1Cc1ccc(s1)C(=O)NO,6.8521557
FC(F)c1nnc(o1)-c1ccc(Cn2nnc(n2)-c2ccc3NC4(CCCCC4)C(=O)Nc3c2)cc1,7.048113
ONC(=O)CCCCCCNC(=O)c1csc(Br)n1,7.627833
C[N+]1(C)CCC(\C=C\c2cccc3ccccc23)=CC1,5.972807
FC(F)c1nnc(o1)-c1ccc(COc2cccc3nccnc23)nc1,7.0932
ONC(=O)CCCCCCN(Cc1ccc(F)cc1)c1ncc(s1)C(=O)NCCCn1ccnc1,7.6492596
ONC(=O)c1ccc(CN2C(=O)C(Cc3ccccc3)N(Cc3cccc4ccccc34)C2=O)cc1,7.613939
CC1(NC(=O)N(Cc2ccc(cc2)C(=O)NO)C1=O)c1ccccc1,7.756197
C(CCCCNCCCCCCNCc1cccnc1)CCCNCCCCCCNCc1cccnc1,7.8467503
CS(=O)(=O)N(C[C@H](Nc1ncc(cn1)-c1nnc(o1)C(F)F)c1ccc(Cl)cc1)CC(F)(F)F,6.8853493
CC[C@H](c1ccc(cc1)-c1nnc(o1)C(F)F)n1cc(nn1)-c1ccc(N)nc1,6.881153
C[C@H]1CC(=O)N(Cc2ncc(s2)-c2nnc(o2)C(F)F)c2cnccc12,6.6885285
CCOC(=O)CC(=O)CSc1nc(C)cc(=O)[nH]1,4.8443303
FC(F)c1nnc(o1)-c1ccc(COc2cccc(c2)C#C)nc1,7.435189
CC\C(=C(/c1ccc(O)cc1)c1ccc(OCCN(C)C)cc1)c1ccc(CCC(=O)NO)cc1,5.6560087
ONC(=O)CCCCCCNC(=O)c1ccc(cc1)N(c1ccccc1)c1ccccc1,7.754431
CN(C)CCNC(=O)c1ccc(cc1)-c1noc(n1)C(F)(F)F,5.414609
CC(C)c1cc(C(=O)N2Cc3ccc(NC(=O)CCCCCCCCC(=O)NO)cc3C2)c(O)cc1O,6.717703
ONC(=O)CCCCCCC(=O)NCCc1ccccc1,7.7754326
ONC(=O)CCCCCCn1c(nc2ccccc12)C(=O)NC1C2CC3CC(C2)CC1C3,8.154254
ONC(=O)c1ccc2oc(nc2c1)-c1ccc(cc1)-c1ccncc1,7.5832458
Cn1c(N)nc2cc(ccc12)-c1cn(Cc2ccc(cc2Cl)-c2nnc(o2)C(F)F)nn1,7.2378993
COc1cc2nc(NCCCCCC(=O)NO)nc(NC3CCN(C)CC3)c2cc1OC,7.3109155
CCCS(=O)(=O)N(Cc1ncc(s1)-c1nnc(o1)C(F)(F)F)c1cncc(OC(F)F)c1,7.6675153
CN(C)CCn1c(nc2ccccc12)-c1cccc(\C=C\C(=O)NO)c1,7.1438847
FC(F)(F)C(=O)c1cccc(c1)C(=O)NCC1CCCCC1,5.892339
CCCCc1nc2cc(\C=C\C(=O)NO)ccc2n1CCN(CC)CC,7.110333
ONC(=O)c1ccc(CN2CCS(=O)c3ccccc23)cc1,7.689007
CC(C)c1ccccc1N(C)c1ncc(cn1)C(=O)N(C)CCCCCCC(=O)NO,7.1928945
CC(C)(C)c1ccc(cc1)-c1nc2ccc(cc2[nH]1)C(=O)NO,7.846621
Fc1ccc(cc1)C1=NN(C(C1)c1ccco1)C(=O)COc1ccc(\C=C2\SC(=O)NC2=O)cc1,5.226709
Cc1cccc(C)c1Nc1ccc(C(=O)NCCCCCCC(=O)NO)c(F)c1,7.6362414
ONC(=O)c1ccc(COC(=O)N2CCC3(CN(Cc4ccccc4)c4ccccc34)CC2)cc1,6.158432
CN1c2ccc(cc2C(=NCC1=O)c1ccccc1)C#CCCCCC(=O)NO,6.153446
COc1ccccc1-c1cc(\C=C\c2ccc(cc2)C(=O)NO)ccn1,7.2321386
ONC(=O)c1ccc(CNC23CC4CC(CC(C4)C2)C3)cc1,6.9201083
ONC(=O)c1ccc(CCCN2CC(CN[C@H]3C[C@@H]3c3ccccc3)C2)cc1,6.806116
OCc1nc2cc(ccc2s1)C(=O)NO,7.8512144
C[C@@H]1N=C(c2ccccc2)c2cc(ccc2NC1=O)C#CCCCC(=O)NO,6.211769
COc1cc(\C=C2/SC(=O)N(CCNC(=O)Nc3c(C)n(C)n(-c4ccccc4)c3=O)C2=O)cc(OC)c1OC,6.6532807
CCc1nc(N)nc(N)c1-c1ccc(cc1)-c1ccc(\C=C\C(=O)NO)cc1,7.448742
CS(=O)(=O)Nc1ccc(cc1)-c1ccnc(Nc2ccc(cc2)N2CCC(CC2)C(=O)Nc2ccc(\C=C\C(=O)NO)cc2)n1,7.462379
COc1cc(OC)c2c(nc(nc2c1)-c1cc(C)c(OCCCC(=O)NO)c(C)c1)N1CCOCC1,6.471092
ONC(=O)c1cc2CN(CCn2c1)C(=O)c1cccs1,7.2406273
CCN(CC)CCn1c(nc2ccccc12)-c1cccc(\C=C\C(=O)NO)c1,7.269295
FC(F)(F)c1nc(no1)-c1ccc(CNc2ccccn2)cc1,6.907603
FC(F)c1nnc(o1)-c1cnc(COc2cccnc2)nc1,7.182548
FC(F)c1nnc(o1)-c1ccc(COc2ccc(F)c(F)c2)nc1,7.1524143
ONC(=O)c1ccc(Cn2cc(nn2)-c2ccc(CN3CCCC3)cc2)cc1,7.8032885
Cn1cccc1C(=O)N1CCn2nc(cc2C1)C(=O)NO,6.2607956
COc1ccc(cn1)-c1nc(N2CCOCC2)c2nc(CN(C)c3ncc(cn3)C(=O)NO)n(C)c2n1,7.5683203
Cc1ncc(OCc2ccc(cn2)-c2noc(n2)C(F)(F)F)cn1,7.402514
COc1cccc(c1)-c1nc(NCc2cccc(\C=C\C(=O)NO)c2)cc2c3ccccc3[nH]c12,7.531487
Cn1c(nc2cc(ccc12)C(=O)NO)N1CCC(Cc2ccccc2)CC1,7.117679
Cc1cc(C)cc(c1)C(=O)N(CCCCCC(=O)NO)CC(=O)NC1CCCCC1,7.3544464
ONC(=O)CCCCCC1OCCCCCCOc2ccccc2NC1=O,7.822673
ONC(=O)c1ccc(CNc2cncc3ccccc23)cc1,7.6907506
Cn1cccc1C(=O)NCc1ccc(cc1)C(=O)NO,7.9295416
NS(=O)(=O)NCCCC[C@H](NC(=O)Cc1ccccc1)C(=O)Nc1nc(cs1)-c1ccccc1,5.9435596
Cc1ccc(NC(=O)c2ccc(cc2)C(=O)NO)cc1Nc1ncc(s1)-c1cccnc1,7.057709
Nc1ccccc1NC(=O)CCCCCCC(=O)Nc1cccc(c1)-c1ccccc1,5.6846247
CS(=O)(=O)N(Cc1ncc(s1)-c1nnc(o1)C(F)(F)F)c1ccccc1,7.04671
FC(F)(F)c1nc(no1)-c1ccc(CNc2cc[nH]n2)nc1,7.6089177
FC(F)c1nnc(o1)-c1cnc(NC2(CC2)c2ccc(OCC(F)(F)F)cc2)nc1,6.961422
ONC(=O)CCCCCCC(=O)Nc1ccc(CCCn2cc(cn2)-c2ncnc3[nH]ccc23)cc1,8.0926
NC(=O)CN1CCc2c(C1)c1ccccc1n2Cc1ccc(cc1)C(=O)NO,7.9089003
CC[C@H](Nc1ncc(cc1F)C(=O)NO)c1ccccc1,8.154111
COc1ccccc1CNCCCCCCNCCCCCCCCCCCCCCNCCCCCCNCc1ccccc1C,7.017428
ONC(=O)c1ccc(cc1)C(=O)Nc1n[nH]c2cc(ccc12)-c1ccc(Cl)c(Cl)c1,6.337737
ONC(=O)c1ccc(Cn2cc(Cc3ccccc3)c3ccccc23)cc1,7.675484
FC(F)(F)C(=O)c1ccc(s1)-c1nc(no1)-c1ccncc1,6.2744117
CC(C)(C)c1ccc(CN(C(=O)CNS(=O)(=O)c2ccc(F)cc2)c2ccc(cc2)C(=O)NO)cc1,6.78552
CS(=O)(=O)NCC(Nc1ncc(cn1)-c1nnc(o1)C(F)F)c1ccc(F)c(F)c1,7.2924585
SCCCCCCNC(=O)c1cc(n[nH]1)-c1cnccn1,7.2432785
CCN(CC)S(=O)(=O)c1cccc(c1)-c1nnc(Sc2ccc(cc2)C(=O)NO)n1N,6.9157424
FC(F)c1nnc(o1)-c1cnc(NC(CC(F)(F)F)c2c(F)cccc2F)nc1,6.5794115
CC(CCCCCC(=O)NO)n1cc(cn1)-c1ncnc2[nH]ccc12,7.648545
COc1ccc(cc1OC)C1(CC1)Nc1ncc(cn1)C(=O)NO,8.302798
ONC(=O)c1ccc(Nc2nnc(o2)-c2ccccc2)cc1,6.929766
ONC(=O)CCCCCCNC(=O)c1ncc(o1)-c1ccccc1,7.836631
CC(C)n1c(nc2ccccc12)-c1cccc(\C=C\C(=O)NO)c1,6.6057997
COc1ccc(cc1)C(=O)N1CCn2cc(cc2C1)C(=O)NO,6.66736
FC(F)(F)C(=O)c1ccc(s1)-c1nc(CN2C(=O)COc3ccccc23)no1,6.820134
CN1[C@H](CCC1=O)C(=O)N[C@@H](CCCCCS)C(=O)Nc1cccc(C)c1,7.761591
CC1CCCC2(C1)NC(=O)[C@H](CCCCCC(=O)NO)NC(=O)[C@H]1CCCN1C(=O)[C@H](Cc1ccccc1)NC2=O,6.3003807
Cn1c(N)nc2cc(ccc12)-c1nnn(Cc2ncc(cc2F)-c2nnc(o2)C(F)F)n1,7.7588825
FC(F)c1nnc(o1)-c1ccc(CN2C(=O)N(c3cccc(F)c3)C3(CCN(CC3)C3COC3)C2=O)nc1,7.092712
Fc1ccc(CNCCCCCCNCCCCCCCCNCCCCCCNCc2ccc(F)cc2)cc1,7.8900375
ONC(=O)c1ccc(\C=C\C(=O)N2CC(CNC3CC3c3ccc(F)cc3)C2)cc1,6.5231047
ONC(=O)CCCCN1c2ccccc2C(=N[C@@H](Cc2ccccc2)C1=O)c1ccccc1,5.3409767
FC(F)c1nnc(o1)-c1ccc(Cn2cc(nn2)-c2cccc(NC(=O)N3CCOCC3)c2)c(F)c1F,7.539104
CCCC(CCC)C(O)=O,4.302441
FC(F)(F)c1nc(no1)-c1ccnc(OCc2nccnc2Cl)c1Cl,6.8639927
CCCc1nn(C)c2c1nc([nH]c2=O)-c1cc(ccc1OCC)S(=O)(=O)N1CCC(CCC(=O)NO)CC1,6.4017386
COc1ccc(cc1)-c1cc(\C=C\c2ccc(cc2)C(=O)NO)ccn1,7.1141553
Cc1cc(C)nc(SCC(=O)Nc2ncc(Cc3ccc(cc3)C(=O)NO)s2)n1,7.546374
ONC(=O)c1ccc(CN(CC(=O)NC2CCCCC2)C(=O)c2cccc3ccccc23)cc1,7.753758
ONC(=O)c1ccc(CN2c3ccccc3Sc3cccnc23)cc1,7.678104
FC(F)(F)c1nc(no1)-c1ccc(nc1)N1CCNCC1c1ccccc1,7.011272
Cn1c(N)nc2cc(ccc12)-c1nnn(Cc2ncc(cn2)-c2nnc(o2)C(F)F)n1,7.7222576
CCN(Cc1ccc(\C=C\C(=O)NO)o1)Cc1ccc(cc1)-c1ccccc1,5.5716
ONC(=O)c1ccc(CN2C(=O)NC(Cc3ccccc3)(C2=O)c2ccccc2)cc1,7.188892
FC(F)c1nnc(o1)-c1cnc(NC2(CC2)c2cc(ccc2Cl)C(F)(F)F)nc1,7.2082524
ONC(=O)c1ccc(CN2c3ccccc3Sc3ccc(Cl)cc23)cc1,7.630852
CCSC(=S)SCC(=O)c1cccc(c1)C(=O)NCCOc1ccccc1,7.403397
FC(F)c1nnc(o1)-c1ccc(Cn2nnc(n2)-c2cccc3cnccc23)cc1,7.1259084
Fc1cccc(c1)N1C(CCC1=O)c1ccc(cc1)-c1noc(n1)C(F)(F)F,7.365377
CCNNC(=O)c1ccc(Cn2c3ccccc3c(=O)n(CCc3ccccc3)c2=O)cc1,6.2182817
COCCN1Cc2ccccc2N(Cc2ccc(cn2)-c2noc(n2)C(F)(F)F)C1=O,7.6718717
CCOc1ccc(cc1NC(=O)c1cc(ccc1Cl)C(=O)NO)C(C)=O,5.9549885
Nc1ccccc1NC(=O)c1ccc(CNC(=O)OCc2cccnc2)cc1,5.6096983
OCCn1cc2cc(NCc3ccc(cc3)-c3noc(n3)C(F)(F)F)ccc2n1,7.6302366
COc1ccccc1NC(=O)N(CCCN(C)C)Cc1ccc(cc1)C(=O)NO,7.9175
CN(C)c1ccc(cc1)C(=O)N\N=C(/C)c1ccc(cc1)C(=O)NO,7.296209
CCCCCCC(CCCC(=O)NO)CCC(=O)Nc1ccccc1,6.4308424
COC(=O)[C@H](Cc1ccc(cc1)-c1cccs1)NC(=O)CCCCCCC(=O)NO,6.0398602
CCSC(=S)SCC(=O)c1cccc(NC(=O)c2cnc3ccccc3c2)c1,6.9893465
Cc1noc(C)c1-c1cc2cc(ccc2s1)C(=O)NO,7.409768
FC(F)c1nnc(o1)-c1ccc(Cn2cc(nn2)-c2cccc(F)c2)cc1,6.7745867
FC(F)c1nnc(o1)-c1cnc(CN(c2cccnc2)S(=O)(=O)CCN2CCOCC2)s1,7.5082955
CC(C)(C)Oc1ccc(C[C@@H]2N=C(c3ccccc3)c3ccccc3N(CCCCC(=O)NO)C2=O)cc1,5.46162
COc1ccc(cc1)-c1ccc2c(NC(=O)c3ccc(cc3)C(=O)NO)n[nH]c2c1,6.783064
ONC(=O)c1ccc(CNC(=O)c2[nH]c(cc2-c2ccsc2)-c2ccc(O)cc2)cc1,8.215645
ONC(=O)c1cnc(NC2(CCOCC2)c2ccc(F)cc2)nc1,8.5066
FC(F)(F)C(=O)c1ccc(s1)C(=O)N1CCC(CC1)c1nnc(o1)-c1ccccc1,6.4068174
CN1CC2(C1)CN(C2)C(=S)N(Cc1ccc(cc1F)-c1nnc(o1)C(F)F)c1ccc(F)c(Cl)c1,7.215542
COc1cc2c(NCc3ccc(cc3)C(=O)NO)cc(nc2cc1OCCCN1CCCC1)-c1ccc(C)o1,7.2551894
Cc1ccc2nc3c4ccccc4c(NCCCCCCC(=O)NO)nn3c(=O)c2c1,7.3129954
FC(F)c1nnc(o1)-c1cnc(CN(c2cccnc2)S(=O)(=O)CCN2C[C@@H]3C[C@H]2CO3)s1,7.416294
COc1ccc(cc1)N1CCN(CC1)c1ncc(cn1)C(=O)NCCCCCCC(=O)NO,7.5705094
CCc1cc(nn1Cc1ccc(cc1)C(=O)NO)-c1ccc(F)cc1,7.2352095
ONC(=O)\C=C\c1ccc(CNCC23CC4CC(CC(C4)C2)C3)c(F)c1,7.8904715
Cc1ccc(NC(=O)CCCCCCC(=O)NO)cc1,7.750431
FC(F)c1nnc(o1)-c1cnc(CN(c2cncc(Cl)c2)S(=O)(=O)CCN2C[C@@H]3C[C@H]2CO3)s1,7.500103
ONC(=O)\C=C\c1cccc(c1)-c1nc2ccccc2n1Cc1ccccc1,7.3608513
ONC(=O)c1ccc(Cn2c3cc(ccc3c(=O)n(CCc3ccccc3)c2=O)C(F)(F)F)cc1,7.297761
ONC(=O)c1coc(n1)C(c1ccccc1)c1ccccc1,6.0256553
COc1ccc2Sc3ccccc3N(Cc3ccc(cc3)C(=O)NO)c2c1,7.581465
Cc1ccc(cc1)C(=O)c1ccc2n(Cc3ccc(cc3)C(=O)NO)ccc2c1,7.4199696
Cc1cccc(C)c1Nc1ccc2C(=O)N(CCCCCCC(=O)NO)Cc2c1,7.3486595
CS(=O)(=O)NCC[C@@H](c1ccc(cc1)-c1nnc(o1)C(F)F)n1cc(nn1)-c1ccc(N)nc1,6.9277463
O=C(CCCCC[C@@H]1NC(=O)C[C@H]2CCCCN2C(=O)[C@H](Cc2ccccc2)NC(=O)[C@H](Cc2ccccc2)NC1=O)[C@@H]1CO1,5.545141
SCCCCC[C@H](NC(=O)OCc1ccccc1)C(=O)NC1CCCC1,6.891096
COC[C@@H]1CCCN1Cc1ccc(cc1)C(=O)NO,7.267711
CC(C)(C)OC(=O)NCc1nc(cs1)-c1nc(cs1)C(=O)NCCCCCCC(=O)NO,6.7024083
CNC(=O)C(CCCCCCC(=O)Nc1cccc(c1)-c1ccc(Cl)nc1)N=O,5.4482684
ONC(=O)c1cnc(Nc2cc(F)cc(F)c2)nc1,8.239164
CC(C)C[C@H]1CC(=O)N[C@@H](Cc2ccccc2)C(=O)N[C@@H](CCCCCC(=O)NO)C(=O)N[C@@H](Cc2c[nH]c3ccccc23)C(=O)N1,7.0732713
CC[C@@H]1OC(=O)[C@@H](C)[C@H](O[C@H]2C[C@@](C)(OC)[C@@H](O)[C@H](C)O2)[C@H](C)[C@H](O[C@@H]2O[C@H](C)C[C@@H]([C@H]2O)N(C)Cc2ccc(cc2)-c2cn(CCC(=O)NO)nn2)[C@](C)(C[C@H](C)C(=O)[C@@H](C)[C@@H](O)[C@@]1(C)O)OC,6.6763263
CC(C)N1CC2(C1)CN(C2)C(=S)N(Cc1ccc(cc1F)-c1nnc(o1)C(F)F)c1ccc(F)c(Cl)c1,7.2464986
FC(F)c1nnc(o1)-c1cnc(CN(c2cncc(F)c2)S(=O)(=O)CCN2C3CC2COC3)s1,7.638279
ONC(=O)c1ccc(Nc2nc3ccccc3n2C2CCCCCC2)cc1,7.259705
Cc1nc2ccccc2n1Cc1ccc(cc1)C(=O)NO,8.068552
COc1cc(cc(OC)c1OC)C(=O)c1csc(n1)-c1ccc(NCC(=O)Nc2ccccc2N)cc1,3.9274676
C[C@H](c1ccc(cc1)-c1nnc(o1)C(F)F)n1cc(nn1)-c1ccc(N)nc1,7.1146045
Cc1cccc2c(OCc3ccc(cn3)-c3nnc(o3)C(F)F)ncnc12,7.3775434
COc1ccc(cc1)-c1csc(NC(=O)[C@H](CCCCNS(N)(=O)=O)NC(=O)OCc2ccccc2)n1,6.4401646
CCC(=O)CCCCC[C@@H]1NC(=O)[C@@H](C)n2nncc2[C@H](CC(C)C)NC(=O)[C@H](Cc2c[nH]c3ccccc23)NC1=O,5.0065713
CCS(=O)(=O)N(Cc1ncc(s1)-c1nnc(o1)C(F)(F)F)c1ccccc1,7.2399445
CN1CCN(C(C1O)c1cccc(F)c1)c1ccc(-c2noc(n2)C(F)(F)F)c(F)c1,6.78409
C[C@@H](Nc1ccc(nn1)-c1noc(n1)C(F)(F)F)c1ccncc1,6.1869116
COc1cc(Cc2cnc(N)nc2N)cc2C(C)CCN(CCO)c12,6.7596817
FC(F)c1nnc(o1)-c1ccc(Cn2nnc(n2)-c2cccc(c2)C(=O)N2CCOCC2)nc1,7.1891346
ONC(=O)c1ccc(Cn2c(nc3cccc(F)c3c2=O)[C@@H]2CC3(CC3)CN2c2ncnc3[nH]cnc23)cc1,7.7279773
COc1ccc(cc1)-c1cnc(o1)C(=O)NCCCCCCCC(=O)NO,7.780171
CC(C)[C@@H]1NC(=O)[C@]2(C)CSC(=N2)c2csc(CNC(=O)C[C@H](OC1=O)\C=C\CCC(=O)NO)n2,7.009936
CC[C@H](Nc1ncnc(N)c1Cl)c1nc2cccc(NCc3ccc(cc3)C(=O)NO)c2c(=O)n1-c1ccccc1,7.5561314
ONC(=O)c1ccc(CCCN2CCC(CNC3CC3c3ccc(F)cc3)CC2)cc1,6.8011756
Nc1ccc(cn1)-c1nc(N2CCOCC2)c2ncn(CCCCCCC(=O)NO)c2n1,7.920917
CC(=O)Nc1ccc(cc1)-c1nc(Nc2cccc(OCCCCCCC(=O)NO)c2)ncc1C,8.162477
ONC(=O)c1ccc(CNC(=O)c2cc(Cn3c4ccccc4c4ccccc34)on2)cc1,8.22506
C[C@H]1CN(C[C@@H](C)O1)c1ncc(cn1)C(=O)NCCCCCCC(=O)NO,7.5750923
ONC(=O)CCCCCCNC(=O)c1ccc(NC(=O)CNC(=O)CC2c3ccccc3-c3ccccc23)cc1,6.5035524
COc1cc(cc(OC)c1OC)C(=O)c1csc(n1)-c1ccc(NCCC(=O)Nc2ccccc2N)cc1,4.208885
ONC(=O)c1ccc(CCCN2CCn3cc(CNC4CC4c4ccc(F)cc4)nc3C2)cc1,7.0965285
ONC(=O)c1ccc(CN(CC(=O)NC2CCCCC2)C(=O)c2ccccc2F)c(F)c1,7.939799
ONC(=O)CCCCCCC(=O)Nc1ccc(cc1)C1=C(C2CC(C1O2)S(=O)(=O)Oc1cccc2ccccc12)c1ccc(O)cc1,7.84996
ONC(=O)\C=C\c1cccc(c1)S(=O)(=O)Nc1ccccc1,7.1260033
Cc1onc(c1C(=O)NCCCCCCC(=O)NO)-c1ccccc1,7.512741
CN(Cc1ccc(cc1)-c1nc(Cc2c(F)cc(cc2F)-c2nnc(o2)C(F)F)no1)C(=O)C(F)F,7.0433073
CCNNC(=O)c1ccc(CN2c3ccccc3C=Cc3ccccc23)cc1,6.8857403
Fc1cccc(c1)N(Cc1ccc(cn1)-c1noc(n1)C(F)(F)F)C(=O)Cc1[nH]nc2ccccc12,7.938932
CCCc1nc(C)c2n1nc([nH]c2=O)-c1cc(Cc2ccc(s2)C(=O)NO)ccc1OCC,6.7513185
ONC(=O)c1ccc(NC2CCN(CCc3ccccc3)C2=O)cc1,6.7633433
NCc1ccc(cc1)-c1nnn(Cc2c(F)cc(cc2F)-c2nnc(o2)C(F)F)n1,7.5065155
Cn1c(nc2cccc(Cl)c2c1=O)[C@@H]1C[C@H](CN1c1nc(N)nc(N)c1C#N)OCc1ccc(s1)C(=O)NO,7.6041727
ONC(=O)CCc1csc(CCc2ccccc2)n1,6.8866744
FC(F)Oc1ccc(cc1)C1(CC1)Nc1ncc(cn1)-c1nnc(o1)C(F)F,7.277016
Cc1noc2cc(OCc3ncc(cn3)-c3nnc(o3)C(F)F)ccc12,7.016153
ONC(=O)c1ccc(Cn2c3CCCCc3c3ccccc23)cc1,8.174293
COc1ccc(cc1)C(=O)CSC(=S)SCCNC(C)=O,6.0562806
ONC(=O)\C=C\c1ccc(Cn2cc(Nc3ncc(Cl)c(Nc4ccc(F)cc4)n3)cn2)cc1,7.8024297
Nc1nc2ccc(cc2s1)-c1cn(Cc2ccc(-c3nnc(o3)C(F)F)c(F)c2)nn1,7.2553935
ONC(=O)c1ccc(CN2C(=O)\C(=C3/Nc4ccccc4/C/3=N\O)c3cc(F)ccc23)cc1,7.940998
Cc1cc(CC(=O)N(Cc2ccc(cn2)-c2noc(n2)C(F)(F)F)c2cccc(F)c2)on1,7.861194
OCc1cccc(c1)-c1nc(N2CCOCC2)c2ncn(CCCCCCC(=O)NO)c2n1,7.8666854
Nc1nc2ccc(cc2s1)-n1cc(Cc2ccc(cc2)-c2nnc(o2)C(F)F)nn1,7.0144696
ONC(=O)c1cnc(NCc2ccccc2OC(F)(F)F)nc1,7.6001263
CCSc1ccc2Sc3ccccc3N(Cc3ccc(cc3)C(=O)NO)c2c1,7.3027735
ONC(=O)c1ccc2oc(NC3(CCCCC3)c3cccc(F)c3)nc2c1,8.147518
ONC(=O)c1ccc(CCN2c3ccccc3Sc3ccccc23)cc1,6.321745
FC(F)c1nnc(o1)-c1ccc(COc2ccc3ncccc3c2)nc1,7.029522
CCC(CC)(c1ccc(OCC(O)C(C)(C)C)c(C)c1)c1ccc(C(=O)NCCCCCC(=O)NO)c(C)c1,5.523887
CCS(=O)(=O)N(Cc1ncc(s1)-c1nnc(o1)C(F)F)c1cccc(n1)C(F)(F)F,7.231251
Nc1ccc(cc1)-c1nc(N2CCOCC2)c2cnn(CCCCCCC(=O)NO)c2n1,7.979159
Oc1cccn(CCCCn2cc(nn2)-c2ccccc2)c1=S,5.2307234
ONC(=O)c1ccc(NC(=O)[C@@H](NC(=O)c2cccc(Br)c2)c2ccccc2)cc1,6.0618014
ONC(=O)c1ccc2nc(sc2c1)-c1cccc2cccnc12,7.216131
Cc1ccc2CCCCN(Cc3ccc(cc3)C(=O)NO)c2c1,7.7558727
C\C=C\c1sc(nc1C(=O)NCCCNC(=O)CS)-c1nccs1,5.869319
Cc1cnc(s1)-c1nc(C(=O)NCCCCC(=O)NO)c(s1)C1CC1,6.4328337
Cn1ccnc1OCc1ccc(cn1)-c1nnc(o1)C(F)F,7.105764
Cc1nc(Cc2ccccc2)n(CCc2ccccc2)c1-c1cccc(\C=C\C(=O)NO)c1,6.914612
ONC(=O)CCCCCCn1cc(C(=O)NC23CC4CC(CC(C4)C2)C3)c2ccccc12,7.855333
ONC(=O)c1cnc(Cn2c(nc3ccccc23)C(F)F)c(F)c1,8.178773
Nc1nc2ncc(CNc3ccc(cc3)C(=O)NCCCCCCCC(=O)NO)nc2c(=O)[nH]1,7.2319913
ONC(=O)c1ccc(CCCN2CCC(CNC3CC3c3ccc(cc3)-c3ccc(cc3)C#N)CC2)cc1,6.907768
ONC(=O)c1ccc2NCC(Cc2c1)Nc1nccc(n1)-c1cccnc1,6.656331
FC(F)c1nnc(o1)-c1cc(F)c(Cn2nnc(n2)-c2ccc(OC(=O)N3CCOCC3)c(NC(=O)N3CCOCC3)c2)c(F)c1,7.218057
CC[C@H](Nc1nc(N)nc(C(F)F)c1C#N)c1nc2cccc(NCc3ccc(cc3)C(=O)NO)c2c(=O)n1-c1ccccc1,7.662424
FC(F)(F)c1nc(no1)-c1ccc(CNc2cccc(c2)C(=O)N2CCCC2)nc1,7.141466
ONC(=O)CCCCCCn1cc(nn1)-c1ccc2ncnc(Nc3ccc(OCc4nccs4)c(Cl)c3)c2c1,7.4701843
OC(=O)c1ccc(cc1)-c1ccc(s1)C(=O)C(F)(F)F,6.266606
CSc1ccc2Sc3ccccc3N(Cc3ccc(cc3)C(=O)NO)c2c1,7.4659753
CC(C)(C)OC(=O)N1CCc2c(C1)c1ccccc1n2Cc1ccc(cc1)C(=O)NO,8.121069
ONC(=O)c1ccc(CN2c3ccccc3Sc3ccccc23)nc1,7.8339477
NCCCNCCCCCC(=O)C(F)(F)F,5.627526
FC(F)c1nnc(o1)-c1cnc(NC(CN(CC(F)(F)F)S(=O)(=O)C2CC2)c2ccc(F)cc2F)nc1,6.7264647
ONC(=O)CCCCCCC(=O)Nc1ccccc1,7.777042
COc1cc2CCCCN(Cc3ccc(cc3)C(=O)NO)c2cc1OC,7.600129
Nc1nc2ccc(cc2s1)-c1cn(Cc2ccc(cc2F)-c2nnc(o2)C(F)F)nn1,7.306289
COc1ccc(CNC(=O)c2ccc(s2)C(=O)C(F)(F)F)cc1,6.6367726
ONC(=O)CCCCCCC(=O)Nc1nc2CC[C@@H](Cc2s1)NC(=O)c1cccc2ccccc12,7.900777
ONC(=O)\C=C\c1cnc(s1)-c1ccc(cc1)N1CCOCC1,5.899321
CN(c1ccc(OCCCCCC(=O)NO)cc1)c1nc(C)nc2CCCc12,7.7860556
FC(F)(F)C(=O)c1ccc(s1)C(=O)NCC1CCCCC1,6.5160046
ONC(=O)c1ccc2nc([nH]c2c1)-c1ccc2OCCc2c1,7.8295946
ONC(=O)c1ccc(cc1)C(=O)Nc1n[nH]c2cc(ccc12)-c1cccc(Cl)c1,6.8205376
CN(C)c1ccc(cn1)-c1ccc(Cn2cccc(O)c2=S)cc1,5.7178745
CCCN1CC(=O)N2Cc3c(CC2C1=O)c1cc(OCc2ccccc2)ccc1n3Cc1ccc(cc1)C(=O)NO,8.198966
Cc1ccc(cc1)C(=O)NO,6.8965836
CCC(=O)CCCCC[C@H](NC(=O)[C@H]1CC11CCN(C)CC1)c1ncc([nH]1)-c1ccc2nc(ccc2c1)N1CCCC1,5.524392
COc1ccc(NC(=O)NCc2ccc(cc2)C(=O)NO)cc1,8.035084
Cc1ccc(cc1)-c1cnc(s1)C(=O)NCCCCCCC(=O)NO,7.9523406
CC(C)[C@@H]1NC(=O)[C@]2(C)CSC(=N2)c2ccnc(CNC(=O)C[C@H](NC1=O)\C=C\CCS)c2,7.263599
CC[C@@H](Nc1ncc(cc1F)C(=O)NO)c1ccccc1,7.9936643
Cc1cnc(Nc2ccc(OCCCCCCC(=O)NO)c(F)c2)nc1Nc1cccc(c1)S(=O)(=O)NC(C)(C)C,7.986798
FC(F)c1nnc(o1)-c1ccc(Cn2nnc(n2)-c2cncc(Br)c2)cc1,7.134142
COC(c1ccc(cc1)C(=O)N(C)CCCCCCC(=O)NO)(c1ccccc1F)c1ccccc1F,6.1942677
CCC(=O)CCCCC[C@H](NC(=O)[C@H]1CC11CCN(C)CC1)c1ncc([nH]1)-c1ccc2nc(C)ccc2c1,5.7163115
CCC(CC)c1ccc(cc1)C(=O)NO,6.170894
FC(F)c1nnc(o1)-c1ccc(COc2ccccc2C#C)nc1,7.486404
CC(C)C[C@H]1CC(=O)N[C@@H](C)C(=O)N[C@@H](CCCCCC(O)=O)C(=O)N[C@@H](Cc2cccc3ccccc23)C(=O)N1,5.326082
ONC(=O)CCCCNC(=O)c1nc(sc1C1CC1)-c1nc2CCCCCc2s1,6.4970307
FC(F)c1nnc(o1)-c1cnc(COc2ccc(F)cc2)nc1,6.903358
Nc1ccc(cn1)-c1cn(nn1)C(Cc1ccccc1)c1ccc(cc1)-c1nnc(o1)C(F)F,6.9836135
ONC(=O)c1cc(CCCCC(=O)NC2CCCC2)on1,6.298251
Nc1ccc(cn1)-c1nnn(Cc2ncc(cn2)-c2nnc(o2)C(F)F)n1,7.4291945
Cc1cccc(OCc2ccc(cn2)-c2nnc(o2)C(F)F)n1,6.8106785
CCSC(=S)SCC(=O)c1ccc(s1)C(=O)NCc1cc(C)cc(C)c1,6.3236074
ONC(=O)c1cnc(NC2(CCC3(CC2)OCCO3)c2cccc(F)c2)nc1,8.515701
ONC(=O)c1ccc(CNc2cccc3cn[nH]c23)cc1,7.9999595
ONC(=O)CCCCCCOc1ccc(cc1)-c1nc2ccc(cc2[nH]1)-c1nc2ccccc2[nH]1,8.077814
Oc1cccn(Cc2ccccc2)c1=S,5.373651
CCc1cc(Cc2cnc(N)nc2N)cc(CC)c1O,6.71735
Cc1cc2ccccc2n1-c1ccc(cc1)C(=O)NO,7.8389883
ONC(=O)\C=C\c1ccc(CNCc2ccc3cccc(Cl)c3n2)cc1,7.578476
FC(F)c1nnc(o1)-c1ccc(Cn2cc(nn2)-c2cccc(NC(=O)N3CCOCC3)c2)cc1,7.3888817
COc1ccc(COC(CCCCCC(=O)NO)C(=O)Nc2ccccc2)cc1,7.9022765
Cc1cccc(CCNC(=O)CCCCCCS)c1,6.717583
Fc1ccccc1Cc1cnc(-c2noc(n2)C(F)(F)F)c(F)c1,6.882762
COc1ccc(cc1)-c1cc([nH]n1)C(=O)NCCCCCCS,7.2114816
CCCCC[C@@H]1NC(=O)[C@H](CCCCCC(=O)NO)NC(=O)[C@H]2CCCN2C(=O)[C@H](CCCCC)NC1=O,6.198969
OCCN(CCc1c[nH]c2ccccc12)Cc1ccc(\C=C\C(=O)NO)cc1,7.4965563
C[C@@H](c1ccc(cn1)-c1nnc(o1)C(F)F)n1cc(nn1)-c1ccc(N)nc1,6.8912635
COc1ccc(cc1)C(=O)CSc1nc(C)cc(=O)[nH]1,5.246718
CN1c2ccc(cc2C(=NCC1=O)c1ccccc1)C#CCCCC(=O)NO,5.927377
CC(C)c1ccc(cc1)-c1nc2ccc(cc2o1)C(=O)NO,7.536943
FC(F)(F)c1nc(no1)-c1ccc(cc1)C(=O)Nc1ccncc1,5.4918346
ONC(=O)\C=C\c1ccc(cc1)-c1cc(CN2CCOCC2)on1,7.072013
CN1CCN(CC1)c1ccc(cn1)C(=O)Nc1nc(ccc1N)-c1cccs1,5.583457
ONC(=O)c1ccc(Cn2ccc3cc(ccc23)C(=O)NCC23C[C@H]4C[C@H](C[C@H](C4)C2)C3)c(F)c1,8.069622
ONC(=O)CCCCCCNC(=O)c1ncc(o1)-c1ccc(cc1)C(F)(F)F,7.762125
OCCN(CC(c1ccc(F)cc1)c1ccc(F)cc1)c1ncc(cn1)C(=O)NCCCCCCC(=O)NO,8.147083
ONC(=O)c1cc2CN(CCc2s1)C(=O)CNC1CC1c1ccc(F)cc1,6.9286304
CN1c2ccccc2C(=N[C@@H](NC(=O)CCCCCCC(=O)NO)C1=O)c1ccccc1,5.916893
ONC(=O)\C=C\c1ccc(cc1)C(c1c[nH]c2ccccc12)c1c[nH]c2ccccc12,6.97421
Cc1ccc(cc1)-c1cc(nn1-c1ccc(cc1)C(=O)NO)C(F)(F)F,6.737065
Nc1ccc(cn1)-c1cn(nn1)C(CCCO)c1ccc(cc1)-c1nnc(o1)C(F)F,7.073626
CC(C)CCc1c(OCCOc2ccc(\C=C\C(=O)NO)cc2)ccc2CCC(=O)Oc12,7.5030384
CCS(=O)(=O)N(Cc1ncc(s1)-c1nnc(o1)C(F)F)c1ccc(C)cn1,7.413913
O=C1CC(CN2CCN(CC2)c2ncccn2)Cc2occc12,6.055607
CCCC(=O)NO,5.9608407
CCc1c2Cn3c(cc4c(COC(=O)[C@]4(O)CC)c3=O)-c2nc2ccc(OC(=O)N3CCN(CC3)C(=O)CCCCCCCCC(=O)NO)cc12,6.218525
ONC(=O)\C=C\c1ccc(CCNC(=O)c2cc(Cc3n[nH]c(=O)c4ccccc34)ccc2F)cc1,8.058402
Fc1cc(ccc1-c1noc(n1)C(F)(F)F)N1[C@@H](COCC1=O)c1ccccc1,7.653037
ONC(=O)c1ccc(CNC(=O)c2cccnc2C(F)(F)F)cc1,7.6718802
CCSC(=S)SCC(=O)c1cccc(c1)C(=O)NCc1ccccc1,6.172045
CC(=O)NC[C@H](Nc1ncc(cn1)-c1nnc(o1)C(F)F)c1ccc(F)cc1,6.8926334
ONC(=O)c1ccc2oc(nc2c1)-c1cccc(O)c1,8.050678
Cc1ccc(NC(=O)[C@H](Cc2c[nH]c3ccccc23)NC(=O)c2ccc(cc2)C(=O)NO)cc1,6.1476755
FC(F)c1nnc(o1)-c1ccc(Cn2nnc(n2)-c2ccc3CCNC(=O)c3c2)cc1,7.2461886
CCSC(=S)SCC(=O)c1ccc(s1)C(=O)NCc1ccccc1,6.670402
Fc1cc(ccc1-c1noc(n1)C(F)(F)F)N1C(CCC1=O)c1ccccc1,7.4820385
ONC(=O)CCCCNC(=O)c1nc(sc1-c1ccccc1Cl)-c1nccs1,5.916474
Nc1nc2ccc(cc2s1)-c1cnn(Cc2ccc(cn2)-c2nnc(o2)C(F)F)c1,7.386935
ONC(=O)c1ccc(\C=N\NC(=O)c2cc(nc(n2)-c2cccc3[nH]ncc23)N2CCOCC2)cc1,8.296156
ONC(=O)CCc1csc(CCc2ccco2)n1,7.160688
FC(F)c1nnc(o1)-c1ccc(Cn2cnc(c2)-c2ccc3CNC(=O)c3c2)nc1,7.323018
COc1cc(cc(OC)c1OC)C(=O)c1csc(n1)-c1ccc(\C=C\C(=O)NO)cc1,6.0176597
FC(F)(F)C(=O)c1ccc(s1)C(=O)NCCc1ccccc1,6.8392735
CCC[C@H](c1ccc(cc1)-c1nnc(o1)C(F)F)n1cc(nn1)-c1ccc(N)nc1,6.799534
CC(C)C[C@H](C(=O)N1CCC(CC1)(Nc1ncc(cn1)C(=O)NO)c1ccccc1)c1ccccc1,8.230266
ONC(=O)c1ccc2sc(cc2c1)-c1cccnc1,7.420163
FC(F)c1nnc(o1)-c1cnc(CN(c2ccc(F)c(Cl)c2)S(=O)(=O)N2CCOCC2)s1,7.0744643
ONC(=O)c1ccc(Cn2c3ccccc3c(=O)n(Cc3ccccc3)c2=O)cc1,7.2929726
FC(F)(F)c1nc(no1)-c1ccc(CNC[C@H]2COCC(=O)N2)nc1,7.5415316
CS(=O)(=O)NC[C@H](Nc1ncc(cn1)-c1nnc(o1)C(F)F)c1ccc(OC(F)(F)F)cc1,7.027959
FC(F)c1nnc(o1)-c1ccc(Cn2cc(nn2)-c2ccc(NC3=NCCN3)cc2)nc1,8.002128
FC(F)(F)c1nc(no1)-c1ccc(CNc2c[nH]nn2)nc1,7.486448
COc1cc2c(NC3CCN(CC3)c3ncc(cn3)C(=O)NO)cc(C)nc2cc1OCCCN1CCCC1,6.6574893
Fc1cc(ccc1CN(c1ccccc1)S(=O)(=O)N1CCN(CC1)C1COC1)-c1nnc(o1)C(F)(F)F,5.727703
CS(=O)(=O)NC[C@@H](Nc1ncc(cn1)-c1nnc(o1)C(F)F)c1ccc(F)c(F)c1,7.2162127
FC(F)c1nnc(o1)-c1cnc(CN(c2cncc(Cl)c2)S(=O)(=O)CCC#N)s1,7.7456074
COc1ccc(CNC(=O)c2cc(F)ccc2N2CCOCC2)cc1OCC(=O)NO,6.3729706
COc1cc(ccc1O)C(=O)OCCCCCCCOC(=O)c1ccc(O)c(OC)c1,5.025607
ONC(=O)c1cnc(NCc2ccccc2C(F)(F)F)nc1,8.134519
Cc1nc(NC(=O)N2C[C@@H](C[C@H]2C(N)=O)NC(=O)CCCC(=O)NO)sc1-c1ccnc(c1)C(C)(C)C(F)(F)F,6.523958
ONC(=O)CCCCC[C@@H]1NC(=O)[C@H]2CCCN2C(=O)[C@@H]2CCOCCCCOCC[C@@H](NC1=O)C(=O)N2,6.7573347
ONC(=O)c1ccc2oc(nc2c1)-c1ccc(cc1)C#N,7.841229
CN(C)c1ccc(CN(Cc2ccc(cc2)C(=O)NO)S(=O)(=O)c2c(F)c(F)c(F)c(F)c2F)cc1,7.8002367
CCSC(=S)SCC(=O)c1ccc(NC(C)=O)cc1,6.6100016
CCS(=O)(=O)N(Cc1ncc(s1)-c1nnc(o1)C(F)F)c1cncc(c1)C1CC1,7.5520825
ONC(=O)CCCCC[C@@H]1NC(=O)[C@H]2CCCN2C(=O)[C@@H]2CCCCCCCCCC[C@@H](NC1=O)C(=O)N2,6.4974337
CCS(=O)(=O)N(Cc1ncc(s1)-c1nnc(o1)C(F)(F)F)c1cncc(c1)C#N,7.4120054
ONC(=O)c1ccc(CCn2c3ccccc3c3ccccc23)cc1,7.4353905
CNC(=O)C(CCCCC[C@H](N(Cc1ccccc1)Cc1ccccc1)C(=O)Nc1ccccc1)N=O,4.641196
CC[C@H]1OC(=O)[C@@H](C)[C@H](O[C@H]2C[C@@](C)(OC)[C@](O)(CN(C)Cc3ccc(cc3)-c3cn(CCCCC(=O)NO)nn3)[C@H](C)O2)[C@H](C)[C@H](O[C@H]2O[C@@H](C)C[C@H]([C@@H]2O)N(C)C)[C@@](C)(O)C[C@H](C)CN(C)[C@@H](C)[C@H](O)[C@@]1(C)O,6.4138956
ONC(=O)CCCCCCC(=O)Nc1cc2ncnc(Nc3cccc(c3)C#C)c2s1,8.048832
CC(C)(C)OC(=O)N[C@@H](CCCCCS)C(=O)Nc1cnc2ccccc2c1,7.2904716
COc1cc(NC(=O)c2ccc(cc2)-c2noc(n2)C(F)(F)F)ccn1,5.907261
Cc1nc(-c2cccc(\C=C\C(=O)NO)c2)n(CCN2CCOCC2)c1-c1ccccc1,6.9963074
ONC(=O)c1ccc(CN2c3ccccc3[S+]([O-])c3ccc(Cl)cc23)cc1,7.6201897
FC(F)(F)C(=O)c1ncc(s1)C(=O)NCC1CCCCC1,6.5921884
CC(CO)NC(=O)c1ccc(cc1F)-c1noc(n1)C(F)(F)F,5.938635
FC(F)c1nnc(o1)-c1cnc(COc2cccc3ocnc23)nc1,7.2598305
FC(F)c1nnc(o1)-c1cnc(COc2cccc3cncnc23)c(F)c1,7.3783073
ONC(=O)CCCCCCC(=O)Nc1cc2ncnc(Nc3ccc(Cl)cc3F)c2s1,7.8611813
Cc1nc2ccc(\C=C\CC(=O)NO)cc2c(=O)n1-c1ccccc1,7.0816417
Nc1ccc(cc1)-c1nnn(Cc2c(F)cc(cc2F)C(=O)NO)n1,8.406587
Cc1cncnc1OCc1ccc(cn1)-c1noc(n1)C(F)(F)F,7.3230443
Cc1ccc(Nc2ncnc3sc(NC(=O)CCCCCCC(=O)NO)cc23)cc1,7.911807
CN(C)c1cccc2c(cccc12)S(=O)(=O)N(CCCCCC(=O)NO)CC(=O)NCc1ccccc1,6.576817
ONC(=O)c1ccc(CCCN2CCC(CN[C@H]3C[C@@H]3c3ccccc3)CC2)cc1,6.9159675
CCCC[C@@H]1NC(=O)[C@H](Cc2ccccc2)NC(=O)[C@H](CCCCCS)NC(=O)[C@H](CCCNC(N)=N)NC(=O)[C@H](CC(O)=O)NC(=O)[C@H](CO)NC(=O)[C@H](C)NC(=O)[C@H](CCCCN)NC1=O,5.7926674
Nc1ccc(nc1NC(=O)c1ccc(nc1)N1CCNCC1)-c1ccc(F)cc1,5.301588
ONC(=O)c1cnc(NCCc2c[nH]c3ccccc23)nc1,8.011427
Cc1ncc(F)c(OCc2ccc(cn2)-c2nnc(o2)C(F)F)n1,7.2107434
Nc1nc2n(CCc3ccc(cc3)C(=O)NO)ncc2c2nc(nn12)-c1ccco1,7.6839495
Cc1ccc(Nc2nccc3ccc(NCc4ccc(cc4)C(=O)NO)cc23)cc1,7.8860226
ONC(=O)c1ccc(CN2CCC3(CN(C(=O)c4ccccc4)c4ccccc34)CC2)cc1,5.992973
Cc1cc(C)nc(SCC(=O)Nc2ncc(Cc3cccc(c3)C(=O)NO)s2)n1,6.414722
ONC(=O)c1ccc(CN(Cc2ccncc2)S(=O)(=O)c2c(F)c(F)c(F)c(F)c2F)cc1,7.62744
CN(C)Cc1c(C)n(c2ccccc12)S(=O)(=O)c1ccc(\C=C\C(=O)NO)cc1,6.79282
NC(=O)c1cccc(c1)-c1nnn(Cc2ccc(cc2F)-c2nnc(o2)C(F)F)n1,7.3181934
Cn1c(SCc2ccc(cc2)C(=O)NO)nnc1-c1ccncc1,6.4528337
Fc1ccc(CNC(=S)N2CCC(CC2)c2cnc[nH]2)cc1,6.7805233
CN(C)Cc1ccc(cc1)-c1cc2ccc(cc2o1)C(=O)NO,7.204455
ONC(=O)c1ccc(cc1)N1CCCc2cc(NC(=O)Nc3ccc(Cl)c(c3)C(F)(F)F)ccc12,6.2121577
CCNNC(=O)c1ccc(Cn2c3ccccc3c3cccnc23)cc1,7.188607
FC(F)c1nnc(o1)-c1cnc(NC2(CC2)c2cc(F)ccc2F)nc1,7.378226
COc1ccc(cc1)S(=O)(=O)n1ccc2cc(\C=C\C(=O)NO)ccc12,7.1357207
CC(C)[C@@H]1NC(=O)[C@]2(C)CSC(=N2)c2csc(CNC(=O)C[C@H](OC1=O)\C=C(/F)CCS)n2,7.204367
COc1ccccc1N1CCN(CC1)c1ncc(cc1F)C(=O)NO,7.8530393
ONC(=O)c1cc(CCNC(=O)c2ccccc2)on1,7.418993
CC[C@H]1OC(=O)[C@H](C)C(=O)[C@H](C)[C@@H](O[C@@H]2O[C@H](C)C[C@@H]([C@H]2O)N(C)Cc2ccc(cc2)-c2cn(CCCCC(=O)NO)nn2)[C@](C)(C[C@@H](C)C2=NCCN3[C@H]([C@H]2C)[C@]1(C)OC3=O)OC,6.1981635
FC(F)c1nnc(o1)-c1ccc(Cn2cc(nn2)-c2cccc(NC(=O)N3CCOCC3)c2)cc1F,7.442087
ONC(=O)c1ccc(Cn2c3ccc(Cl)cc3c(=O)n(CCc3ccccc3)c2=O)cc1,7.480743
FC(F)c1nnc(o1)-c1cnc(N[C@@H](COCC(F)(F)F)c2ccc(F)cc2)nc1,6.51128
CCn1cc(cn1)N(Cc1ncc(s1)-c1nnc(o1)C(F)F)S(=O)(=O)CC,7.1282415
Nc1nc2n(CCc3ccc(NC(=O)CCCCCCC(=O)NO)cc3)ncc2c2nc(nn12)-c1ccco1,7.998163
COC(=O)\C=C\c1ccc(OCCCNc2cc3c4ccccc4[nH]c3c(n2)-c2ccc(OC)cc2)c(OC)c1,6.379913
Cl.CN(C)CCOc1ccc(cc1)-c1cc(=O)c2c(O)cc(OCCCCCC(=O)NO)cc2o1,7.5706882
CC(C)[C@H](NC(=O)C1Cc2ccccc2O1)C#Cc1ccc(cc1)C(=O)NO,7.5427337
Cc1cc(C)cc(c1)C(=O)NOCCCCCC(=O)NO,6.188821
Cc1cccc(NC(=O)[C@H](CCCCCS)NC(=O)[C@@H]2CCCC(=O)N2)c1,8.017585
CCN(CC)CCNC(=O)c1ccc(cc1)-c1noc(n1)C(F)(F)F,5.7864676
C[C@@H](Nc1ncc(cc1Cl)-c1noc(n1)C(F)(F)F)c1ccccc1,6.2828155
ONC(=O)c1ccc(cc1)C(=O)NCc1ccccc1,6.74797
Cc1cc(C)c(CNC(=O)c2cc(cc(NCCCCCCCC(=O)NO)c2C)-c2ccc(nc2)N2CCN(CC2)C(=O)OC(C)(C)C)c(=O)[nH]1,5.9214754
Cc1ccccc1N(c1ncc(cn1)C(=O)NCCCCCCC(=O)NO)c1ccccc1C,7.820692
COc1cc(OC)cc(c1)N(CCCCCCC(=O)NO)c1ccc2ncc(nc2c1)-c1cnn(C)c1,7.8368196
Cn1c(N)nc2cc(ccc12)-c1nnnn1Cc1ncc(cn1)-c1nnc(o1)C(F)F,7.6216164
FC(F)c1nnc(o1)-c1cnc(NC2(CC2)c2ccnc(Br)c2)nc1,7.425474
ONC(=O)c1ccc(CCC(=O)N2CCN(CC2)C(=O)CNC2CC2c2ccccc2)cc1,6.931106
CCCCN(Cc1ccc(cc1)N(O)C=O)C(=O)Nc1ccccc1,7.4484987
ONC(=O)c1ccc(CNCC23CC4CC(CC(C4)C2)C3)c(Cl)c1,7.218366
Oc1ccc(cc1NC(=O)N1CCOCC1)-c1nnn(Cc2ccc(cc2)-c2nnc(o2)C(F)F)n1,7.2614074
CC\C(=C(/c1ccc(O)cc1)c1ccc(OCCN(C)C)cc1)c1ccc(cc1)C(=O)NO,5.4353876
ONC(=O)c1ccc2oc(Nc3cccc(OCc4ccccc4)c3)nc2c1,7.987471
Cc1nc(C)n(CC(=O)N(Cc2ccc(cc2)-c2noc(n2)C(F)(F)F)c2cccc(c2)C(F)(F)F)n1,7.0469637
CCSC(=S)SCC(=O)c1ccc(cc1)S(=O)(=O)Nc1ccc(Cl)cc1,6.9446874
Nc1nc(NCCc2ccc(OCCCCC(=O)NO)cc2)nc2nc(nn12)-c1ccco1,7.600507
CN(C)c1ccc(NC(=O)NCCCCCCC(=O)NO)cc1,8.146197
Nc1ncc(cn1)-c1cn(Cc2ccc(cc2)C(=O)NO)c(=O)c(n1)N1CCCCC1,7.709273
CN(CCCCCCC(=O)NO)C(=O)c1ccc(cc1F)N(C)c1c(C)cccc1C,7.1885476
ONC(=O)CCCCCCC(=O)Nc1ccc2ccnc(N3CCOCC3)c2c1,8.047054
FC(F)(F)c1nc(no1)-c1ccc(NCc2ccccc2)nc1,6.0450644
C[C@H](CCCCNC(=O)CS)[C@H]1CC[C@H]2\C(CCC[C@]12C)=C\C=C1C[C@@H](O)C[C@H](O)C1,5.0476584
CC(C)CC(CO)NC(=O)c1ccc(cc1)-c1noc(n1)C(F)(F)F,5.2432547
ONC(=O)CCCCCCC(=O)Nc1ccc(cc1)N(CCCl)CCCl,8.317342
CS(=O)(=O)N(Cc1ncc(s1)-c1nnc(o1)C(F)F)c1cncc(c1)C#N,7.3431883
Cn1cc(C(=O)N2CCN(Cc3ccc(cc3)C(=O)NO)CC2)c2ccccc12,7.2670527
ONC(=O)c1ccc(CNC2CCCc3cccnc23)cc1,7.2440367
COC(=O)c1ccc2ccccc2c1OCCCCCCCC(=O)NO,7.895981
CCC(=O)CCCCC[C@@H]1NC(=O)[C@H]2CC22CCN(CC2)CCCCCn2c3ccc(cc3ccc2=O)-c2cnc1o2,6.245255
Nc1nc(NCCc2ccc(NC(=O)CCCCCCC(=O)NO)cc2)nc2nc(nn12)-c1ccco1,8.06568
ONC(=O)CCCCNc1cc(nc(n1)-c1ccccn1)N1CCCCCC1,5.791995
Cc1cc(=O)[nH]c(SCC(=O)c2ccc(O)cc2)n1,5.294491
CC(F)(F)COc1cncc(c1)N(Cc1ncc(s1)-c1nnc(o1)C(F)F)S(C)(=O)=O,7.5017424
CN(c1nc2ccccc2o1)c1ccc(cc1)C(=O)NCCCCCCC(=O)NO,7.7566395
ONC(=O)CCCCNC(=O)c1nc(sc1C=C)-c1nccs1,5.794206
ONC(=O)c1cc(CCCCN2c3ccc(Cl)cc3CCc3cc(Cl)ccc23)on1,6.747579
ONC(=O)c1ccc(CN(Cc2ccccc2)S(=O)(=O)c2c(F)c(F)c(F)c(F)c2F)cc1,7.4488735
FC(F)(F)c1nc(no1)-c1ccc(Cn2c3ccccc3ccc2=O)nc1,7.77657
FC(F)(F)C(=O)c1ccc(s1)-c1nc(no1)-c1ccc(cc1)C(F)(F)F,6.3535066
CN1CCN(C(C1)c1ccccc1)c1ccc(cc1)-c1noc(n1)C(F)(F)F,6.223956
ONC(=O)c1ccc(NC(=O)Nc2ccc(Cl)cc2)cc1,7.773866
FC(F)c1nnc(o1)-c1ccc(COc2ccc(cc2)-c2ccccc2)nc1,6.4860535
CSc1ccc(cc1NC(=O)c1ccc(cc1)-c1ccccc1)C(=O)NO,6.083742
CC(C)(C)OC(=O)N1CCc2c1cccc2N1C(=O)N(Cc2ccc(cn2)-c2nnc(o2)C(F)F)C(=O)C1(C)C,6.959222
FC(F)c1nnc(o1)-c1ccc(CN(C(=S)N2CC3(CN(C3)C3COC3)C2)c2ccc(F)c(Cl)c2)cc1,7.3124766
Fc1ccc(CS(=O)(=O)Cc2noc(n2)-c2ccc(s2)C(=O)C(F)(F)F)cc1,5.8705044
ONC(=O)c1cnc(NCc2ccc(Cl)cc2)nc1,8.434513
CCN(CC)CCSc1ccc(\C=C\C(=O)NO)cc1NS(=O)(=O)c1ccc(C)cc1,6.9066787
FC(F)c1nnc(o1)-c1cnc(CN2c3cnccc3CCCC2=O)s1,7.5457067
FC(F)(F)C(=O)c1ccc(s1)-c1nnc(o1)-c1ccccc1,5.9934835
COc1ccc(cc1)-c1cc(ccn1)-c1ccn(Cc2ccc(cc2)C(=O)NO)n1,7.691126
CCNNC(=O)c1ccc(CN2c3ccccc3C=Cc3ccc(F)cc23)cc1,6.980569
CN1CCC(CC1)C(=O)N[C@@H](CCCCCC(C)=O)c1nc(c[nH]1)-c1ccc2ccccc2c1,5.910776
CCCc1nn(C)c2c1nc([nH]c2=O)-c1cc(ccc1OCC)N1CCC2(C1)CCN(CC2)c1ncc(cn1)C(=O)NO,6.4491644
FCc1nnc(o1)-c1ccc(Cc2nc(no2)-c2ccc(NC3=NCCN3)cc2)cc1,7.6946177
CCNNC(=O)c1ccc(CN2c3ccccc3C=Cc3nc(C)nc(C)c23)cc1,7.0405083
CCCN(CCC)C[C@@H](C)NC(=O)c1ccc(cc1F)-c1noc(n1)C(F)(F)F,5.349838
ONC(=O)c1ccc(CSc2nnc(-c3ccncc3)n2CC=C)cc1,5.3397865
CC(C)(Nc1ncc(cc1F)C(=O)NO)c1ccccc1,8.64399
ONC(=O)c1cnc(NC2(CC2)c2cccs2)nc1,8.561871
COC(=O)[C@H](Cc1ccccn1)NC(=O)CCCCCCC(=O)NO,6.0404735
CCCCN(C)C[C@@H](C)NC(=O)c1ccc(cc1F)-c1noc(n1)C(F)(F)F,5.27116
CN(CC(=O)N(C)c1ccc(cc1)C(=O)NO)S(=O)(=O)c1ccc(F)cc1,6.7567244
FC(F)C(=O)Nc1ccc(cn1)-c1cn(Cc2ncc(cn2)-c2nnc(o2)C(F)F)nn1,7.621907
Fc1ccccc1NCc1ccc(cc1)-c1noc(n1)C(F)(F)F,6.843224
ONC(=O)CCCCC[C@H](NC(=O)[C@@H]1CCCC(=O)N1)C(=O)Nc1ccccc1,8.412003
FC(F)(F)C(=O)CCCCCCC(=O)Nc1ccccc1,6.736076
ONC(=O)c1ccc(Cn2c3cc(ccc3c(=O)[nH]c2=O)C(F)(F)F)cc1,7.958456
FC(F)c1nnc(o1)-c1cnc(CN(c2cccc(Cl)c2)S(=O)(=O)C2CC2)s1,7.5852566
COc1cc2CCN(Cc2cc1OC)c1ncc(cn1)C(=O)NCCCCCCC(=O)NO,7.4898357
Cc1cccnc1OCc1ccc(cn1)-c1nnc(o1)C(F)F,6.8779774
COc1ccc(-c2ncc(\C=C\C(=O)NO)s2)c(OC)c1OC,6.193328
Cc1ccc(cc1)-c1cc(nn1-c1ccc(cc1)S(=O)(=O)NCCCCCCC(=O)NO)C(F)(F)F,7.2851005
CC1(C)N(C(=O)N(Cc2ccc(cn2)-c2nnc(o2)C(F)F)C1=O)c1cccc(Br)c1,7.1469917
COc1cccc(c1)-c1ccc2c(NC(=O)c3ccc(cc3)C(=O)NO)n[nH]c2c1,6.961439
FC(F)(F)c1nc(no1)-c1ccc(CNc2cnsc2)nc1,7.5901036
CCCN1C(CCC(=O)Nc2ccc(cc2)C(=O)NO)C(=O)N(C1=O)c1ccc(Cl)cc1,8.042797
OCc1cccc(NCc2ccc(cc2)-c2noc(n2)C(F)(F)F)c1,7.089703
CN(Cc1ccc(s1)C(=O)C(F)(F)F)Cc1ccccc1,5.426535
ONC(=O)c1ccc(cc1)C(=O)Nc1n[nH]c2cc(ccc12)-c1ccc(Cl)cc1,6.7621326
Cn1c(nc2ccccc12)[C@@H]1CCC(=O)N1c1ccc(cc1F)-c1noc(n1)C(F)(F)F,7.910113
C[C@H](c1ccccc1)n1c(nc2ccccc12)-c1cccc(\C=C\C(=O)NO)c1,7.4476085
ONC(=O)CCCCCCC(=O)Nc1ccc(cc1)-c1ccnc(Nc2ccccc2)n1,8.078455
CCS(=O)(=O)N(Cc1ncc(s1)-c1nnc(o1)C(F)F)c1cccc(c1)C(=O)OC,7.5499377
CC(C)n1ncc2c(cc(cc12)-c1ccc(nc1)N1CCN(CCCCCCC(=O)NO)CC1)C(=O)NCc1c(C)cc(C)[nH]c1=O,6.233409
Cl.CC(=O)Nc1ccc(cc1)-c1ccnc(Nc2ccc(NC(=O)CCCCCCC(=O)NO)cc2)n1,8.269089
CN(c1ccc(OCCCC(=O)NO)cc1)c1nc(C)nc2ccccc12,7.2076025
COc1cc2nc(nc(NC3CCN(CC3)C(C)C)c2cc1OC)N1CCN(CCCCCC(=O)NO)CC1,7.142335
CC1(C)N(C(=O)N(Cc2ccc(cn2)-c2nnc(o2)C(F)F)C1=O)c1cccc(c1)[N+]([O-])=O,7.3622894
Nc1nc(NCCOc2ccc(cc2)C(=O)NO)nc2nc(nn12)-c1ccco1,7.692964
CS(=O)(=O)NC[C@@H](Nc1ncc(cn1)-c1nnc(o1)C(F)F)c1ccc(OC(F)F)cc1F,7.1309533
Cc1cncc(c1)N(Cc1ncc(s1)-c1nnc(o1)C(F)F)S(C)(=O)=O,7.389299
FC(F)(F)C(=O)NC(Cc1ccc(cn1)-c1noc(n1)C(F)(F)F)c1cccc(c1)C(F)(F)F,6.9724894
CN1Cc2ccc(cc2NC(=O)C1)-c1cn(Cc2c(F)cc(cc2F)-c2nnc(o2)C(F)F)nn1,7.214159
ONC(=O)Cc1ccccc1,5.325218
ONC(=O)c1ccc(Cn2c3CNCCc3c3ccccc23)cc1,8.384381
CC(C)CS(=O)(=O)N(Cc1ncc(s1)-c1nnc(o1)C(F)F)c1cncc(F)c1,7.609959
CN(c1cccc2ccccc12)S(=O)(=O)C1CC2OC1C(=C2c1ccc(O)cc1)c1ccc(NC(=O)CCCCCCC(O)=O)cc1,5.506379
ONC(=O)CCCCCCn1c(cc2ccc(Br)cc12)C(=O)NC1C2CC3CC(C2)CC1C3,8.223917
CCSC(=S)SCC(=O)c1cccc(c1)S(=O)(=O)Nc1ccc2OCOc2c1,6.3731093
C[C@H](CN1CCCC1)NC(=O)c1ccc(cc1F)-c1noc(n1)C(F)(F)F,5.389788
OC(=O)Cn1cnc2c3ccccc3oc2c1=O,4.8952656
ON(CCCCCC(C(=O)Nc1ccc2ncccc2c1)C(=O)Nc1ccc2ncccc2c1)C=O,6.661232
COC(=O)[C@H](Cc1ccc(cc1)-c1ccsc1)NC(=O)CCCCCCC(=O)NO,5.8262863
CN(C)C(=O)c1cccc(NCc2ccc(cn2)-c2noc(n2)C(F)(F)F)c1,7.4002094
CCOc1ccc(CC2CC2C(=O)NO)cc1-c1nc2c(CC)nn(C)c2c(=O)[nH]1,6.1428027
Nc1ccc(cn1)-c1cn(Cc2ccc(cn2)-c2nnc(o2)C(F)F)nn1,7.5170813
COC(=O)[C@H](Cc1ccc(cc1)-c1ccc(cc1)-c1ccccc1)NC(=O)CCCCCCCC(=O)NO,5.48386
ONC(=O)c1ccc2cc(sc2c1)-c1ccoc1,7.558338
CN(c1ncc(cc1F)C(=O)NO)C1(CC1)c1ccccc1,6.9557185
CCN(CC)CC(C)NC(=O)c1ccc(cc1F)-c1noc(n1)C(F)(F)F,5.5301847
CN1C2N(CCc3c2[nH]c2ccc(O)cc32)C(=O)c2cc(NCc3ccc(cc3)-c3noc(CCCCCCC(=O)NO)n3)ccc12,7.661009
COc1cc(F)c(c(F)c1)C1(CC1)Nc1ncc(cn1)-c1nnc(o1)C(F)F,7.5657854
COc1cccc2C(=O)c3c(O)c4C[C@](O)(C[C@H](O[C@H]5C[C@H](NCc6ccc(cc6)-c6cn(CCCCCCC(=O)NO)nn6)[C@H](O)[C@H](C)O5)c4c(O)c3C(=O)c12)C(C)=O,7.403457
FC(F)c1nnc(o1)-c1cnc(N[C@H](COCC(F)(F)F)c2ccc(F)cc2F)nc1,6.643168
Fc1cc(F)c(OCc2ccc(-c3noc(n3)C(F)(F)F)c(F)c2)cn1,7.232646
ONC(=O)c1ccc(CN2CCCc3ccccc23)cc1,7.704006
ONC(=O)c1ccc(Cn2nnnc2-c2ccccc2)cc1,7.7407603
CCSC(=S)SCC(=O)c1ccc(NS(=O)(=O)c2ccccc2)cc1,6.7354126
Cc1csc(Nc2ccc(cc2)C(=O)NO)n1,7.141046
FC(F)c1nnc(o1)-c1ccc(Cn2nnc(n2)-c2ccc3CNC(=O)c3c2)c(F)c1,7.2425065
COc1cc(OC)cc(\C=C\c2ccc(OCCCCCCC(=O)NO)cc2)c1,6.784868
CCc1cccc(Nc2ncnc3cc(NC(=O)CCCCCCC(=O)NO)sc23)c1,7.715587
Nc1cc(ccc1O)-c1nnn(Cc2ccc(cc2)-c2nnc(o2)C(F)F)n1,6.5808516
CC(C)CCc1c(O)c(CCC(=O)NO)ccc1OCCCCCCCC(=O)NO,7.3046236
CC(C)C(C(=O)Nc1ccc(nc1)C(=O)NO)c1ccccc1,7.2503996
COc1cc(OC)c2c(nc(nc2c1)-c1cc(C)c(OCCCCC(=O)NO)c(C)c1)N1CCSCC1,6.5959744
CCS(=O)(=O)N(Cc1ncc(s1)-c1nnc(o1)C(F)F)Cc1ccccn1,6.431907
CN1CCN(CC1)c1nc(nc2cc(Cl)ccc12)-c1ccc(cc1)C(=O)NO,7.146556
ONC(=O)CCCCCNC(=O)C=C1c2ccccc2-c2ccccc12,6.257497
Cc1nnc(CC(=O)N(Cc2ccc(cn2)-c2noc(n2)C(F)(F)F)c2cccc(F)c2)s1,7.7415557
ONC(=O)c1ccc(CN(Cc2ccccc2)S(=O)(=O)c2cc(F)c(F)c(F)c2F)cc1,7.669507
CN(C)C(=O)c1cn(Cc2ccc(\C=C\C(=O)NO)cc2)c2ccccc12,7.6306734
SCCCCC[C@H](NC(=O)[C@@H]1CC(=O)N1)C(=O)Nc1ccccc1,7.943748
COc1cc2nc(cc(NCC3CCN(CC3)c3ncc(cn3)C(=O)NO)c2cc1OC)C1CCCCC1,6.3254776
CN(C)Cc1cn(c2ccccc12)S(=O)(=O)c1ccc(\C=C\C(=O)NO)cc1,6.7737155
Fc1ccc(cc1)-c1cc(no1)C(=O)NCCCCS,6.662281
CC1(C)CCC(CN2CCN(CC2)c2ccc(C(=O)NS(=O)(=O)c3ccc(NCCCCCCC(=O)NO)c(c3)[N+]([O-])=O)c(Oc3cnc4[nH]ccc4c3)c2)=C(C1)c1ccc(Cl)cc1,7.467418
CN(Cc1ccccc1)S(=O)(=O)c1ccc(s1)C(=O)C(F)(F)F,5.995329
Fc1cc(COc2cnc(nc2)C2CC2)ccc1-c1noc(n1)C(F)(F)F,7.092746
ONC(=O)c1cnc(NC2(CC2)c2cccc(F)c2F)nc1,8.509693
CC(C)(c1nnn(Cc2ccc(cc2)-c2nnc(o2)C(F)F)n1)c1ccncc1,6.799882
COc1cc2nc(Nc3ccc(NC(=O)CCCCCCC(=O)NO)cc3)nc(NC3CCN(Cc4ccc(F)cc4)CC3)c2cc1OC,8.241976
FC(F)c1nnc(o1)-c1ccc(Cn2nnc(n2)-c2ccccc2F)cc1,7.0499434
CC(C)c1cc(C(=O)N2CCc3cc(NC(=O)CCCCCCCCC(=O)NO)ccc23)c(O)cc1O,5.511225
ONC(=O)c1ccc2oc(nc2c1)-c1ccc2[nH]nnc2c1,8.085367
FC(F)c1nnc(o1)-c1cnc(COc2ccc3ocnc3c2)nc1,7.1927986
ONC(=O)\C=C\c1cccc(c1)-c1nc2ccccc2n1-c1ccccc1,7.2276363
CCCC[C@H]1NC(=O)C[C@@H]2OC(=O)C[C@H](O)[C@@H](CC(C)C)NC(=O)[C@@H](CSSCC\C=C\2)NC1=O,5.8770065
OC(=O)C(F)(F)F.CC(=O)Nc1ccc(cc1)-c1ccnc(Nc2cccc(NC(=O)CCCCC(=O)NO)c2)n1,7.0044274
ONC(=O)c1cnc(NC2(CC2)c2ccccn2)c(F)c1,8.611635
Cn1ncc2cc(OCc3ccc(cn3)-c3nnc(o3)C(F)F)ccc12,6.9148097
CC(C)(C)c1ccc(CN2CC(=O)N(Cc3ccc(cc3)C(=O)NO)C2=O)cc1,8.0877695
CCN1CCC[C@H](C1)n1c(C)c(nc1-c1cccc(\C=C\C(=O)NO)c1)-c1ccccc1,6.8915057
CN(c1ccc(OCCCCCC(=O)NO)cc1)c1nc(C)nc2ccccc12,7.90115
CC(C)c1ccc(NCc2nc3cc(ccc3s2)C(=O)NO)cc1,7.305133
CC[C@H](C)[C@H](NC(=O)[C@@H]1CCCN1)C(=O)N1Cc2cc(OCC(=O)NO)ccc2C[C@H]1C(=O)Nc1ccc(OC)cc1,7.319837
ONC(=O)c1ccc2CCN(Cc2c1)c1nc2ccccc2[nH]1,7.390023
COc1cc2CC(CC3CCN(Cc4ccc(NC(=O)CCCCCCC(=O)NO)cc4)CC3)C(=O)c2cc1OC,7.6476216
ONC(=O)c1cnc(NC2(CCN(CC2)C(=S)Nc2ccccc2)c2ccccc2)nc1,8.85376
Cn1ccc(NCc2ccc(cn2)-c2noc(n2)C(F)(F)F)cc1=O,7.392341
Oc1ccc(\C=C2/Oc3ccccc3C2=O)cc1,5.5078936
CCSC(=S)SCC(=O)c1ccc(CNC(C)=O)cc1,6.313218
COc1cc(cc(OC)c1OC)C(=O)c1ccc2n(Cc3ccc(\C=C\C(=O)NO)cc3)ccc2c1,7.061604
FC(F)(F)c1nc(no1)-c1cccc(c1)C(=O)NCC1(CCOCC1)c1nc(cs1)-c1ccccc1,6.116996
ONC(=O)CCCCCCNC(=O)c1ncc(o1)-c1ccc(F)cc1,7.8044662
CCS(=O)(=O)N(Cc1ncc(s1)-c1nnc(o1)C(F)F)c1cnc[nH]1,7.627988
Cc1nc(-c2ccccc2)n(CCc2ccccc2)c1-c1cccc(\C=C\C(=O)NO)c1,7.0889835
CCSC(=S)SCC(=O)c1ccc(s1)-c1ccc(N)cn1,7.222411
C[C@H]1CCc2ccncc2N(Cc2ncc(s2)-c2nnc(o2)C(F)F)C1=O,6.5442257
Cn1cnc2cc(OCc3ccc(cn3)-c3nnc(o3)C(F)F)ccc12,7.106461
FC(F)(F)C(=O)CCCCNC(=O)c1nc(sc1Cc1ccccc1)-c1nccs1,5.3219705
FC(F)c1nnc(o1)-c1ccc(COCc2ccc(s2)C#N)nc1,7.0220613
ONC(=O)c1cnc(NC2(CC2)c2cccc(OC(F)(F)F)c2)nc1,8.29571
ONC(=O)c1cnc(NC2(CC2)c2cc(ccc2F)C(F)(F)F)nc1,8.411232
CC12CC3CC(C)(C1)CC(C3)(C2)NCc1cccc(NC(=O)CCCCCCC(=O)NO)c1,7.088944
ONC(=O)c1ccc(Cn2ccc3ccccc23)cc1,7.7193704
ONC(=O)c1cnc(NS(=O)(=O)c2ccccc2)c(F)c1,8.243607
CC(C)(C)OC(=O)N1CCC2(CC1)N(C(=O)N(Cc1ccc(cn1)-c1nnc(o1)C(F)F)C2=O)c1cccc(F)c1,6.8375335
CN1[C@@H](CCCC1=O)C(=O)N[C@@H](CCCCCS)C(=O)Nc1ccccc1,7.685197
ONC(=O)c1ccc(CN2CCn3cc(CNC4CC4c4ccc(F)cc4)nc3C2)cc1,7.073227
ONC(=O)c1cnc(NC2(CC2)c2cc(Cl)cc(Cl)c2)nc1,8.473721
CN(C)c1ccc(cc1)-n1cc(Cn2cccc(O)c2=S)nn1,6.3201213
CNC(=O)C(C)(C)Nc1ncc(cc1F)C(=O)NO,8.452377
ONC(=O)c1ccc(CN(CC(=O)NC2CCCCC2)C(=O)c2ccccc2C(F)(F)F)c(F)c1,7.6655917
COCCN(CCOC)c1nccc2ccc(NC(=O)CCCCCCC(=O)NO)cc12,7.979102
Fc1cc(COc2cccc3[nH]nnc23)ccc1-c1noc(n1)C(F)(F)F,7.456604
NCc1ccc(cc1)C(=O)NO,7.574147
ONC(=O)c1cnc(Nc2cccc(c2)N2CCOCC2)nc1,8.054551
Cc1nc(cs1)-c1nc(cs1)C(=O)NCCCCC(=O)NO,5.988632
ONC(=O)c1cc(F)c(Cn2nnc(n2)-c2nccc3ccccc23)c(F)c1,8.258038
CCC(=O)N(Cc1ccc(cc1)-c1noc(n1)C(F)(F)F)c1cccc(c1)C(F)(F)F,7.045915
ONC(=O)CCCSC[C@H](NC(=O)OCc1ccccc1)C(=O)Nc1cccc2ccccc12,7.5082283
ONC(=O)CCCCCNC(=O)c1ncc(o1)-c1ccccc1,7.4404287
C[C@@H]1C[C@H](OC(=O)Nc2ccc(cc2)-c2cn(CCCCCCC(=O)NO)nn2)[C@@H]2[C@@H](CC[C@@H]3C[C@H](CC(=O)O3)O[Si](C)(C)C(C)(C)C)[C@@H](C)C=CC2=C1,8.048012
FC(F)c1nnc(o1)-c1ccc(Cn2cc(nn2)-c2ccc3NC(=O)C4(CCCC4)c3c2)nc1,7.43677
Fc1ccc(cc1)C(=O)CCCN1CCN(CC2Cc3occc3C(=O)C2)CC1,5.960972
Cn1c(nc2cccc(Cl)c2c1=O)[C@@H]1C[C@H](CN1c1nc(N)nc(N)c1C#N)OC(=O)NCc1ccc(cc1)C(=O)NO,7.595782
CCc1nc(N)nc(N)c1-c1ccc(\C=C\C(=O)NO)cc1,7.4063945
ONC(=O)CCCCCCNC(=O)c1cnc(nc1)N1CCC(O)(CC1)c1ccc(Cl)cc1,7.350431
CCNC(=O)c1cc2c(nc(N)nc2s1)-c1cc(OCCCCCCn2cc(cn2)-c2nc(Nc3ccc(NC(=O)CCCCCCC(=O)NO)cc3)nc3[nH]ccc23)c(Cl)cc1Cl,7.622123
ONC(=O)\C=C\c1cccc(c1)-c1nc2ccccc2n1-c1ccc(Cl)cc1,7.5378447
ONC(=O)c1ccc(NC(=O)N2CCC(CC2)N2[C@@H]([C@H](C2=O)c2ccccc2)c2ccccc2)cc1,7.7477007
CC[C@@]1(O)C(=O)OCc2c1cc1-c3nc4ccc(OCc5cn(CCCCC(=O)NO)nn5)cc4cc3Cn1c2=O,6.4151516
COc1cccc(CCCCCCCC(=O)NO)c1,7.4077415
Cc1ccc2nc3c4ccccc4c(NCCCCCCCC(=O)NO)nn3c(=O)c2c1,7.2261486
Nc1nc2n(CCN3CCc4ccc(cc4C3)C(=O)NO)ncc2c2nc(nn12)-c1ccco1,7.745617
FC(F)c1nnc(o1)-c1cnc(NC2(CC2)c2ccccc2F)nc1,7.232476
Cc1ncccc1-c1cn(Cc2ccc(cn2)-c2nnc(o2)C(F)F)nn1,7.2913775
COC(=O)[C@H](Cc1ccc(cc1)-c1ccccc1)NC(=O)CCCCCCCC(=O)NO,5.550329
ONC(=O)CCCCCCn1c2ccccc2c2ccccc12,7.7461557
CCCCN1CC(=O)N2Cc3c(CC2C1=O)c1ccccc1n3Cc1ccc(cc1)C(=O)NO,8.249595
CC(C)c1ncncc1C(=O)N(Cc1ccc(cn1)-c1noc(n1)C(F)(F)F)c1cccc(F)c1,7.3637996
FC(F)c1nnc(o1)-c1cnc(N[C@H](Cn2cc(cn2)C(F)(F)F)c2ccc(F)cc2)nc1,7.191907
CC1CCc2ccncc2N(Cc2ncc(s2)-c2nnc(o2)C(F)F)C1=O,6.896383
CC(C)Cc1sc(nc1C(=O)NCCCNC(=O)CS)-c1nccs1,5.6540637
ONC(=O)c1cnc(nc1)N1C[C@H]2[C@@H](C1)[C@@H]2NCc1ccc(Cl)cc1,7.654723
Cc1sc-2c(c1C)C(=N[C@@H](CC(=O)Nc1ccc(cc1)C(=O)NO)c1nnc(C)n-21)c1ccc(Cl)cc1,6.075569
ONC(=O)CCCCCCNC(=O)c1ccc(cc1)N(c1ccccc1)c1ccccn1,7.8069487
CC(=O)Nc1ccc(cc1)-c1cc(no1)C(=O)NCCCCCCC(=O)NO,7.9957857
ONC(=O)c1ccc(CNC(=O)c2[nH]c(cc2-c2ccc(O)cc2)-c2cccs2)cc1,8.352158
ONC(=O)c1cc(F)c2CN(CCc2c1)C1CCC1,7.8290677
COc1ccc(\C=C\C(=O)Nc2ccc(cc2)C(=O)N2CCc3nc(sc3C2)C(=O)NO)cc1,6.232036
ONC(=O)\C=C\c1ccc(CNCCCN2c3ccccc3CCc3ccc(Cl)cc23)cc1,6.640027
ONC(=O)CCCCCCNC(=O)c1cnc(nc1)N(c1ccccc1)c1ccccc1,8.082115
CCS(=O)(=O)N(Cc1ncc(s1)-c1nnc(o1)C(F)F)c1cnn(c1)C(F)F,7.3648086
CCN1CCc2c(C1)c1ccccc1n2Cc1ccc(cc1)C(=O)NO,8.074268
FC(F)(F)c1nc(no1)-c1ccc(Cn2c3ccccc3ncc2=O)nc1,7.712682
Cn1c(N)nc2cc(ccc12)-c1cn(Cc2cc(F)c(cc2F)-c2nnc(o2)C(F)F)nn1,7.459994
CC1(Cc2ccc(cc2)-c2noc(n2)C(F)(F)F)C(=O)Nc2ccc(F)cc12,6.3002973
C[C@H](CCCCNS(=O)(=O)c1ccccc1)[C@H]1CC[C@H]2\C(CCC[C@]12C)=C\C=C1C[C@@H](O)C[C@H](O)C1,4.2244043
CCS(=O)(=O)N(Cc1ncc(s1)-c1nnc(o1)C(F)F)c1cncc(c1)C(C)(C)F,7.5919375
CN(Cc1ccncc1)Cc1ccc(cc1)-c1cn(Cc2c(F)cc(cc2F)-c2nnc(o2)C(F)F)nn1,6.8698077
Cc1nc2ccc(OCc3ccc(cn3)-c3nnc(o3)C(F)F)cc2o1,7.085095
ONC(=O)CCCCCCNC(=O)c1ccc(NC(=O)CCOCCOCCOCCNC(=O)COc2cccc3C(=O)N(C4CCC(=O)NC4=O)C(=O)c23)cc1,7.148303
COc1cccc(c1)C(=O)c1ccc2n(ccc2c1)S(=O)(=O)c1cccc(\C=C\C(=O)NO)c1,6.8522487
ONC(=O)CCCCCCNC(=O)c1ccc(cc1)C(O)(c1ccc(F)cc1)C(F)(F)F,7.3790264
FC(F)c1nnc(o1)-c1ccc(Cn2cnc(c2)-c2ccc(NC3=NCCN3)cc2)c(F)c1,7.7960196
NS(=O)(=O)NCCCC[C@H](NC(=O)OCc1ccccc1)c1nc2ccccc2[nH]1,5.789654
Cc1nc2cc(F)ccc2n1Cc1ccc(cn1)-c1noc(n1)C(F)(F)F,7.608506
ONC(=O)CCCCN1c2ccccc2C(=N[C@@H](CCC(=O)NO)C1=O)c1ccccc1,5.936012
FC(F)(F)c1nc(no1)-c1ccc(CN2C(=O)CCc3ccccc23)nc1,8.042161
Fc1cc(COc2nc3cccnc3n2CC(F)(F)F)ccc1-c1noc(n1)C(F)(F)F,6.870318
Cc1csc(n1)-c1nc(C(=O)NCCCCC(=O)NO)c(s1)C1CC1,6.128226
CC(C)c1cc(C(=O)N2CCc3cc(NC(=O)CCCCCC(=O)NO)ccc23)c(O)cc1O,5.658161
ONC(=O)\C=C\c1cccn(CCCc2ccc3ccccc3c2)c1=O,5.628396
Cc1cnc(s1)-c1nc(C(=O)NCCCCC(=O)C(F)(F)F)c(s1)C1CC1,5.9843297
COc1ccc(CNC(=O)c2cc(F)ccc2N2CCOCC2)cc1\C=C\C(=O)NO,6.3341126
CC(C)(C)c1cccc(Nc2ncnc3cc(NC(=O)CCCCCCC(=O)NO)sc23)c1,7.8551583
CN1CCc2c(C1)sc1nc([nH]c(=O)c21)-c1cc(C)c(OCc2ccc(cc2)C(=O)NO)c(C)c1,6.7597594
Cc1noc(n1)[C@@H]1COCC(=O)N1c1ccc(cc1)-c1noc(n1)C(F)(F)F,7.9875336
CC[C@H](Nc1ncnc2[nH]cnc12)c1nc(CCCCCC(=O)NO)c2ccccc2n1,7.075084
ONC(=O)c1ccc(CN2[C@@H]3CCCC[C@@H]3CS(=O)(=O)c3ccccc23)cc1,8.368604
COC(c1ccccc1)(c1ccc(cc1)C(=O)NCCCCCCC(=O)NO)c1ccc(cc1)C(=O)N(C)C,7.173681
FC(F)(F)c1nc(no1)-c1ccc(CN(C(=O)Cn2cnc3ccccc23)c2cccc(c2)C(F)(F)F)cc1,7.2466984
COCCc1cn(Cc2ccc(cc2)C(=O)NO)c2ccccc12,7.9927135
C\C(=N/O)c1ccc2Sc3ccccc3N(Cc3ccc(cc3)C(=O)NO)c2c1,7.726353
FC(F)c1nnc(o1)-c1cnc(COc2cccc3ccncc23)c(F)c1,7.297265
FC(F)(F)c1nc(no1)-c1ccc(cc1)N1[C@@H](CCC1=O)C(=O)NCCc1ccccc1,7.750939
FC(F)c1nnc(o1)-c1cnc(NC2(CC2)c2cccc(F)c2Cl)nc1,7.3298726
CC(C)(C)NC(=O)CN(Cc1ccc(cc1F)C(=O)NO)C(=O)c1ccccc1Cl,7.8110776
CCC(=O)CCCCC[C@H](NC(=O)[C@H]1CC11CCN(C)CC1)c1ncc([nH]1)-c1cnc2ncccc2c1,5.7529354
ONC(=O)CCCCCCC(=O)Nc1ccc(cc1)-c1ccnc(Nc2cccc(c2)N2CCCCC2)n1,8.06645
SCCCCC[C@H](NC(=O)[C@@H]1CCCNC1=O)C(=O)Nc1ccccc1,7.1017613
CCCS(=O)(=O)N(Cc1ncc(s1)-c1nnc(o1)C(F)(F)F)c1cccc(F)c1,7.4754477
FC(F)(F)c1ccc(CNC(=O)[C@H](CCCCCS)NC(=O)[C@@H]2CCCC(=O)N2)cc1,7.400887
ONC(=O)c1ccc2CC[C@H](Cc2c1)Nc1nccc(n1)-c1cccnc1,7.0239687
Nc1ccc(cn1)-c1cn(Cc2ccc(cc2)C(=O)NO)c(=O)c(n1)N1CCOCC1,7.924222
ONC(=O)c1cnc(NCc2ccncc2)nc1,8.242683
CCC(=O)CCCCC[C@H](NC(=O)[C@H]1CC11CCN(C)CC1)c1ncc([nH]1)-c1ccc2nccnc2c1,5.693789
ONC(=O)CCCCCn1cc(Nc2ncc3ccn(Cc4cccc(F)c4)c3n2)cn1,7.623062
ONC(=O)c1ccc(Cn2c3ccc(Br)cc3c(=O)[nH]c2=O)cc1,8.185389
NC(=O)c1cccc(CCOc2cc(ccn2)-c2noc(n2)C(F)(F)F)c1,7.55967
CC(=O)Nc1cccc(c1)-c1cn(Cc2ccc(cn2)-c2nnc(o2)C(F)F)nn1,7.2710533
CCOc1ccc(cc1NC(=O)c1ccc(Cl)cc1Cl)C(=O)NO,5.6737013
CCCS(=O)(=O)NCC(Nc1ncc(cn1)-c1nnc(o1)C(F)F)c1ccc(F)cc1,7.300978
ONC(=O)c1ccc(Cc2nnc(o2)-c2ccccc2)cc1,7.5734415
Cc1cccc(c1)C1CC(=O)N1C1CCN(CC1)C(=O)NCc1ccc(cc1)C(=O)NO,7.8962727
ONC(=O)CCCCCCNC(=O)c1ncc(o1)-c1cccc(Cl)c1,7.8636055
ONC(=O)\C=C\C1CCN(Cc2ccc(Cl)cc2)CC1,5.9103403
CCS(=O)(=O)N(Cc1ncc(s1)-c1nnc(o1)C(F)F)c1cc(C)ccn1,7.4829006
NC(=O)CCN1CCc2c(C1)c1ccccc1n2Cc1ccc(cc1)C(=O)NO,7.7932734
COc1cc(NC(=O)NOCCCCCC(=O)NO)c2nccc(C)c2c1,7.641816
C[C@H]1CN(CCS(=O)(=O)N(Cc2ncc(s2)-c2nnc(o2)C(F)F)c2cccnc2)CCO1,7.526417
CC(Nc1ncc(cn1)C(=O)NO)c1ccccc1,8.272012
OB(O)CCCCC[C@H](NC(=O)c1cccnc1)C(=O)Nc1cccc(c1)-c1ccccc1,4.9174232
COC(=O)N(Cc1ccc(cc1)-c1noc(n1)C(F)(F)F)c1cccc(c1)C(F)(F)F,7.201777
Cc1noc(n1)C1CCCC(=O)N1c1ccc(cc1)-c1noc(n1)C(F)(F)F,7.7557445
CCOC(=O)NCCCC(=O)NCCc1ccccc1,6.259636
Cc1cc(NC(=O)NCc2ccc(cc2)C(=O)NO)no1,8.093141
Cc1ccc(CN2C(CCC(=O)NCc3ccc(cc3)C(=O)NO)C(=O)N(C2=O)c2ccc(Cl)cc2)cc1,7.974501
FC(F)Oc1ccc(cn1)N(Cc1ncc(s1)-c1nnc(o1)C(F)F)S(=O)(=O)C1CC1,7.526668
ONC(=O)c1ccc(Cn2c3ccccc3c3ccccc23)cc1,8.143152
FC(F)c1nnc(o1)-c1coc(CN(c2cccc(Cl)c2)S(=O)(=O)C2CC2)n1,7.507478
COc1ccccc1CCn1c(=O)n(Cc2ccc(cc2)C(=O)NO)c2ccccc2c1=O,7.2723255
FC(F)c1nnc(o1)-c1cnc(s1)N1[C@H](COC1=O)c1ccccc1,6.891111
ONC(=O)c1ccc(CCCN2CC3(CC(C3)NC3CC3c3ccccc3)C2)cc1,7.016038
OCCN(C(=O)Cc1ccc(cc1)C(=O)NO)c1ccccc1,8.076191
COc1ccc2[nH]cc(CCN(Cc3ccc(cc3)C(=O)NO)C(=O)\C=C\c3ccc(O)c(OC)c3)c2c1,7.706199
FC(F)c1nnc(o1)-c1ccc(Cn2nnc(n2)-c2ccc3CNC(=O)c3c2)cc1,7.2088585
CN(C)c1cccc(COc2cc(ccn2)-c2noc(n2)C(F)(F)F)n1,6.9291725
CN(C)c1nc2c(Br)c(Br)c(Br)c(Br)c2n1CCCCCC(=O)NO,5.609514
CCS(=O)(=O)N(Cc1ncc(s1)-c1nnc(o1)C(F)F)c1cncc(OC(C)C)c1,7.683316
COC(=O)Cc1c(C)n(Cc2ccc(cc2)-c2cn(CCCCCCCC(=O)NO)nn2)c2ccc(OC)cc12,7.854667
FC(F)C(=O)c1ccc(s1)C(=O)N1CCc2ccccc12,5.849205
CC(C)C1(CCN(CC1)C(=O)OCc1ccccc1)Nc1ncc(cn1)C(=O)NO,8.425024
FC(F)c1nnc(o1)-c1cnc(NC(COc2ccccc2)c2ccc(F)cc2)nc1,7.751856
Cc1ccc(CNCCCCCCNCCCCCCCCNCCCCCCNCc2ccc(C)o2)o1,7.5792427
Cc1ccc(CNc2ncc(cc2Cl)-c2noc(n2)C(F)(F)F)cn1,6.3775654
FC(F)c1nnc(o1)-c1ccn(CCOc2cccc(F)c2)c(=O)c1,7.3565135
ONC(=O)c1ccc(cc1)-n1cnc2ncncc12,7.768505
ONC(=O)\C=C\c1ccc2OC3(CCN(Cc4ccccc4)C3)CC(=O)c2c1,6.730079
COc1ccc(C(=C)c2cc(OC)c(OC)c(OC)c2)c(\C=C\C(=O)NO)c1,5.0808353
COc1ccccc1NC(=O)N(CCc1c[nH]c2ccccc12)Cc1ccc(cc1)C(=O)NO,8.219733
Cc1c2c(CCCCC2=O)c(C(=O)Nc2cc(ccc2OCCCCCCCC(=O)NO)S(=O)(=O)N2CCOCC2)n1C,7.576225
Cn1c(SCCCCCC(=O)NO)nnc1-c1ccncc1,5.727423
C\C=C1/NC(=O)[C@H](CS)NC(=O)[C@H](NC(=O)C[C@H](OC(=O)[C@@H](NC1=O)C(C)C)\C=C\CCS)C(C)C,6.353748
OC(=O)CCCn1nc(cc1C(=O)NCCCCCCS)-c1ccc(F)cc1,5.5250783
FC(F)c1nnc(o1)-c1cnc(NC2(CC2)c2cccc(Cl)c2F)nc1,7.463365
CCCCN(Cc1ccc(\C=C\C(=O)NO)o1)Cc1ccccc1,5.7913218
Cn1cc(ccc1=O)-c1ccc(cc1)C1CC1NCC1CCN(Cc2ccc(cc2)C(=O)NO)CC1,6.93376
CC(C)N1CC2(C1)N(C(=O)N(Cc1ccc(cn1)-c1nnc(o1)C(F)F)C2=O)c1ccccc1,6.54844
Fc1cc(ccc1-c1noc(n1)C(F)(F)F)N1C(CCC1=O)c1ccccc1Cl,7.3882146
FC(F)(F)C(=O)c1ccc(s1)-c1nc(CC(=O)N2CCCC2)no1,5.83626
ONC(=O)CCCO\N=C1\C(\Nc2ccccc\12)=C1\C(=O)N(CC#C)c2ccccc12,7.3936586
CNC(=O)c1ccccc1NCc1ccc(cn1)-c1noc(n1)C(F)(F)F,7.8649545
CC(C)(C)c1ccc(CNc2ccc(cc2)C(=O)NO)cc1,7.313382
ONC(=O)CCCCCCC(=O)Nc1cc2ncnc(Nc3cccc(Cl)c3)c2s1,7.9520288
CS(=O)(=O)Cc1noc(n1)-c1ccc(s1)C(=O)C(F)(F)F,5.88554
CC(C)n1c(C)nc2c(F)cc(cc12)-c1nc(Nc2ccc(CNC(=O)CC(=O)NO)cc2)ncc1F,6.3711023
CC(C)(C)OC(=O)ON(C(=O)CCCCCCC(=O)N(OC(=O)OC(C)(C)C)C(=O)OC(C)(C)C)C(=O)OC(C)(C)C,7.322349
CCS(=O)(=O)N(Cc1ncc(s1)-c1nnc(o1)C(F)F)c1ccc(C)nc1,7.4843493
CC(C)(C)c1ccc(cc1)-c1nc2ccc(cc2o1)C(=O)NO,7.6761494
COc1cc(OC)cc(\C=C/c2ccc(OC)c(NC(=O)CCCCCCC(=O)NO)c2)c1,7.410551
ONC(=O)CCCCCCNc1cc(nc(n1)-c1ccccn1)N1CCCCCC1,7.1975436
CN(CCOc1ccc(cc1)C(=O)NO)c1nc(N)n2nc(nc2n1)-c1ccco1,7.409421
CC1CCCCC11NC(=O)[C@H](CCCCCC(=O)NO)NC(=O)[C@H]2CCCN2C(=O)[C@H](Cc2ccccc2)NC1=O,6.283913
CC(C)(C)NC(=S)N[C@@H](CCCCCS)C(=O)NC1CCCC1,6.452931
ONC(=O)c1cnc(N[C@H](C2CC2)c2ccccn2)c(F)c1,8.558662
FC(F)(F)c1nc(no1)-c1ccc(CN(C(=O)C2CC2c2cncnc2)c2cccc(c2)C(F)(F)F)cc1,7.4724803
CCCc1nn(C)c2c1nc([nH]c2=O)-c1cc(ccc1OCC)S(=O)(=O)N1CCN(CCC(=O)NO)CC1,6.220174
CCN(CC)CCSc1ccc(\C=C\C(=O)NO)cc1NC,6.7087812
ONC(=O)CCCCCCC(=O)Nc1ccc(Nc2nc(NC3CCN(Cc4ccccc4)CC3)c3sccc3n2)cc1,8.316097
C[C@@H](NC(=O)c1ccc(s1)C(=O)C(F)(F)F)c1ccccc1,6.5519147
ONC(=O)\C=C\c1cccc(c1)S(=O)(=O)NCCCN1c2ccccc2CCc2ccc(Cl)cc12,6.3375926
COCCCNC(=O)c1ccc(cc1)-c1noc(n1)C(F)(F)F,5.843978
C[C@@H]1C[C@H](OC(=O)NCc2ccc(cc2)-c2cn(CCCCCCC(=O)NO)nn2)[C@@H]2[C@@H](CC[C@@H]3C[C@H](CC(=O)O3)O[Si](C)(C)C(C)(C)C)[C@@H](C)C=CC2=C1,7.712168
CC(C)[C@H](NS(=O)(=O)c1cccc(c1)C(=O)NO)C(=O)Nc1ccccc1,5.40405
ONC(=O)c1cc2CN(CCn2c1)C(=O)c1cc2ccccc2s1,7.3381524
Cc1nc2cc(OCc3ncc(cn3)-c3nnc(o3)C(F)F)ccc2o1,7.2073464
COc1ccccc1-n1nc(nc1Cc1ccc(cc1)C(=O)NO)-c1cccs1,7.8685803
FC(F)(F)c1nc(no1)-c1ccc(CC(NC(=O)C2CCOCC2)c2cccc(c2)C(F)(F)F)nc1,7.212895
CS(=O)(=O)N(Cc1cnc(s1)-c1nnc(o1)C(F)F)c1cncc(F)c1,6.9887896
ONC(=O)c1ccc(\C=C\C(=O)N2CCC(CN[C@H]3C[C@@H]3c3ccc(F)cc3)CC2)cc1,7.0518184
ONC(=O)CCCCN1c2ccccc2C(=N[C@@H](Cc2cncn2C(c2ccccc2)(c2ccccc2)c2ccccc2)C1=O)c1ccccc1,5.084472
ONC(=O)\C=C\c1cccc(Nc2ncnc3cc4OCCOc4cc23)c1,7.5079217
FC(F)(F)c1nc(no1)-c1ccc(CNc2cnoc2)nc1,7.5681467
ONC(=O)c1cnc(N[C@H](C2CC2)c2ccccc2)c(F)c1,8.566345
CS(=O)(=O)Nc1ccccc1CC(Nc1ncc(cn1)-c1nnc(o1)C(F)F)c1ccc(F)cc1,6.524005
CCC(Nc1ncc(cn1)-c1noc(n1)C(F)(F)F)c1ccncc1,6.4933867
FC(F)c1nnc(o1)-c1ccc(Cn2nnc(n2)C2(CC2)c2ccccc2)cc1,6.4627295
ONC(=O)CCCCNC(=O)c1nc(sc1C1CC1)-c1ncc(s1)-c1ccccc1,6.4135647
ONC(=O)c1ccc(CN2c3ccccc3Sc3nccnc23)cc1,7.801667
SCCCCC[C@@H](NC(=O)[C@@H]1CCCC(=O)N1)C(=O)Nc1ccccc1,8.138605
CC(C)[C@@H]1NC(=O)[C@]2(C)CSC(=N2)c2ccc(CNC(=O)C[C@H](OC1=O)\C=C\CCSC(C)=O)cc2,5.5780635
ONC(=O)c1ccc(CCCN2CCC(CNC3CC3c3ccc(F)c(F)c3)CC2)cc1,7.195239
Fc1cccc(c1)N(Cc1ccc(cc1F)-c1nnc(o1)C(F)(F)F)S(=O)(=O)N1CCNCC1,6.3357563
COc1c(C)cc(cc1C)-c1nc2cc(ccc2n1C)C(=O)NO,7.423576
ONC(=O)\C=C\c1ccc(Oc2no[n+]([O-])c2S(=O)(=O)c2ccccc2)cc1,6.4149675
Cc1ccccc1C(=O)N(Cc1nnnn1C1CCCCC1)Cc1ccc(cc1)C(=O)NO,7.3688865
CC(C)CS(=O)(=O)N(Cc1ncc(s1)-c1nnc(o1)C(F)F)c1cncc(c1)C#N,7.486075
ONC(=O)CCCCCCC(=O)NCCCN1c2ccccc2CCc2ccc(Cl)cc12,6.445387
Cc1noc(n1)[C@@H]1CCC(=O)N1c1ccc(cc1)-c1noc(n1)C(F)(F)F,7.9541926
CC(C)N(Cc1ccc(cn1)C(=O)NO)S(=O)(=O)c1cc(F)c(F)c(F)c1F,8.201548
CC(Nc1ncc(cn1)-c1noc(n1)C(F)(F)F)c1ccncc1,6.9336867
FC(F)c1nnc(o1)-c1cnc(NC2(CC2)c2ccc(cc2)-c2ccc(F)cc2)nc1,7.1661024
FCCNC(=O)c1ccc(cc1)-c1noc(n1)C(F)(F)F,5.9807124
FC(F)c1nnc(o1)-c1ccc(CN(c2ccc(F)c(Cl)c2)S(=O)(=O)N2CCS(=O)(=O)CC2)nc1,7.156954
CN(Cc1cc(no1)-c1nnc(o1)C(F)F)c1cccc(Cl)c1,6.640163
FC(F)(F)C(=O)c1cnc(s1)C(=O)N1CCc2ccccc12,5.9727364
NS(=O)(=O)NCCCC[C@H](NC(=O)OCc1ccccc1)c1cnc([nH]1)-c1ccccc1,5.9089518
Cc1c(COc2ccc(CNCCCCCCC(=O)NO)c(F)c2)cccc1-c1ccccc1,7.46333
COc1ccc(CC(N=O)C(=O)NCCSSCCNC(=O)C(Cc2ccc(OC)c(Br)c2)N=O)cc1Br,5.7254586
ONC(=O)CCCCN1c2ccccc2C(=N[C@@H](CCC(=O)NC(c2ccccc2)(c2ccccc2)c2ccccc2)C1=O)c1ccccc1,5.169319
CCCc1nn(C)c2c1nc([nH]c2=O)-c1cc(OCc2ccc(cc2)C(=O)NO)ccc1OCC,6.6641855
ONC(=O)CCCCc1cn(nn1)-c1ccc(cc1)C(=O)c1c(sc2cc(O)ccc12)-c1ccc(O)cc1,6.7797036
ONC(=O)\C=C\c1ccc(cc1)-c1ccc(O)cc1,7.0866437
COc1ccc(Cn2ccc3cc(ccc23)C(=O)NO)cc1,7.7441797
ONC(=O)c1cnc(C2CC2)c(F)c1,7.8638096
CCNC(=S)SCC(=O)c1ccc(NC(C)=O)cc1,6.6928706
ONC(=O)c1ccc(Cn2cc(nc(N3CCOCC3)c2=O)-c2cccc(O)c2)cc1,7.688106
Nc1nc(NCCc2ccc(\C=C\C(=O)NO)cc2)nc2nc(nn12)-c1ccco1,7.60207
ONC(=O)CCc1ccc(cc1)-n1[se]c2ccccc2c1=O,5.8085575
NC(=O)c1ccnc(NCc2ccc(cn2)-c2noc(n2)C(F)(F)F)c1,7.785391
Nc1cccc(c1)-c1cc(no1)C(=O)NCCCCC(=O)NO,6.808635
Nc1ccc(cn1)-c1cn(nn1)C(CCNC(=O)C(F)F)c1ccc(cn1)-c1nnc(o1)C(F)F,6.892404
COc1ccc(cc1)S(=O)(=O)N1CCc2cccc(NCc3ccc(cc3)C(=O)Nc3ccccc3N)c12,5.384554
Cc1ccc(CN(Cc2ccc(cc2)C(=O)NO)S(=O)(=O)c2c(F)c(F)c(F)c(F)c2F)cc1,7.6799088
FC(F)c1nnc(o1)-c1ccc(Cn2cc(cn2)-c2cccc(NC(=O)N3CCOCC3)c2)cc1,7.1458287
CN(CCCCC(=O)NO)C(=O)c1ccc(Nc2c(C)cccc2C)cc1,6.306735
ONC(=O)c1ccc(Cn2c3CCSCc3c3ccccc23)cc1,8.206423
CCC(CC)(c1ccc(OCC(O)C(C)(C)C)c(C)c1)c1ccc(C(=O)NCCCCCCC(=O)NO)c(C)c1,5.7282805
CC(C)CS(=O)(=O)N(Cc1ncc(s1)-c1nnc(o1)C(F)F)c1cncc(OC(F)F)c1,7.7206507
CC(C)(C)c1ccc(CC2(NC(=O)N(Cc3ccc(cc3)C(=O)NO)C2=O)c2ccccc2)cc1,7.4123197
CCCCNc1nc(Cl)nc2n(Cc3ccc(cc3)C(=O)Nc3ccccc3N)cnc12,5.2173843
ONC(=O)CCCCCCC(=O)Nc1cccc(c1)C(F)(F)F,7.8217144
COc1cccc(c1)-c1cc2ccc(cc2o1)C(=O)NO,7.6679826
CNc1cccc(NC(=O)C[C@@H]2N=C(C3CCCCC3)c3ccccc3N(CC(=O)C(C)(C)C)C2=O)c1,5.429452
ONC(=O)CCCCCCNC(=O)c1ncc(o1)-c1cccc(Br)c1,7.8160496
FC(F)(F)c1nc(no1)-c1ccc(CC(NC(=O)C2CCS(=O)(=O)CC2)c2cccc(c2)C(F)(F)F)nc1,7.4196014
COc1ccccc1CNCCCCCCN(C)CCCCCCCCN(C)CCCCCCNCc1ccccc1OC,7.6466727
CC(C)N(Cc1ccc(CC(=O)NO)cc1)S(=O)(=O)c1cc(F)c(F)c(F)c1F,6.821529
ONC(=O)c1cccc(Cn2c3c(Cl)cccc3c(=O)[nH]c2=O)c1,6.6396585
ONC(=O)\C=C\c1ccc(cc1)C(=O)NC(Cc1c[nH]c2ccccc12)C(=O)Nc1ccc(Br)cc1,6.7598305
CCS(=O)(=O)N(Cc1ncc(s1)-c1nnc(o1)C(F)F)Cc1cccnc1,6.354233
FC(F)c1nnc(o1)-c1ccc(Cn2nnc(n2)-c2nccc3ccccc23)c(F)c1,7.1376824
ONC(=O)CCCCCCn1cc(cn1)-c1ncnc2[nH]ccc12,7.98269
ONC(=O)\C=C\c1cccc(c1)S(=O)(=O)n1ccc2ccncc12,7.1977534
ONC(=O)\C=C\c1ccc(CN(CCCOc2ccccc2)Cc2ccccc2)o1,6.572634
ONC(=O)\C=C\C1CCN(Cc2csc3ccccc23)CC1,5.8636913
CCS(=O)(=O)N(Cc1ncc(s1)-c1nnc(o1)C(F)F)c1ccc(nc1)C(F)F,7.544939
ONC(=O)c1ccc(CN(c2ccccc2)c2ccccc2)cc1,7.7480435
ONC(=O)c1cnc(Nc2cc(Cl)ccc2Cl)nc1,8.074078
CN(CCCCCCC(=O)NO)C(=O)c1cnc(Nc2c(C)cccc2C)nc1,7.6293716
ONC(=O)c1cnc(NC2(CC2)c2ccc(Cl)cc2)nc1,8.523105
ONC(=O)c1cnc(NC2(CC2)c2ccc(F)cc2Cl)nc1,8.445686
COc1ccc(-c2ncc([nH]2)C(=O)NCCCCCCC(=O)NO)c(OC)c1,7.8906074
ONC(=O)CCCCCCn1cc(Nc2ncc3ccn(Cc4ccccc4Cl)c3n2)cn1,7.7202587
Cc1ccc(Nc2nccc3ccc(NCc4ccc(\C=C\C(=O)NO)cc4)cc23)c(Cl)c1,7.593055
FC(F)(F)C(=O)c1ccc(s1)-c1nc(no1)-c1cccnc1,6.3553963
CN1CCCC(Nc2ncc(cc2F)C(=O)NO)C1=O,8.015684
C[Si]1(C)CCC(CC1)NCc1ccc(cn1)-c1noc(n1)C(F)(F)F,6.39126
CC(C)[C@@H]1NC(=O)[C@]2(C)CSC(=N2)c2csc(CNC(=O)C[C@H](OC1=O)\C=C\CCSCCS)n2,6.3655825
CC[C@H]1OC(=O)[C@H](C)[C@@H](O[C@@H]2C[C@](C)(OC)[C@@](O)(CN(C)Cc3ccc(cc3)-c3cn(CCCCCC(=O)NO)nn3)[C@@H](C)O2)[C@@H](C)[C@@H](O[C@H]2O[C@@H](C)C[C@H]([C@@H]2O)N(C)C)[C@@](C)(C[C@@H](C)C(=O)[C@H](C)[C@H](O)[C@]1(C)O)OC,7.545924
CN(C)c1ccc(cc1)-c1cn(Cc2ccc(cc2)-c2nnc(o2)C(F)F)nn1,6.8154526
ONC(=O)c1ccc2nc([nH]c2c1)-c1ccc(s1)-c1ccccc1,8.140621
CC[C@H](Nc1ncnc(N)c1Cl)c1nc2cccc(NCc3ccc(cn3)C(=O)NO)c2c(=O)n1-c1ccccc1,7.802485
CC(C)(C)c1ccc(CN2C(Cc3ccccc3)C(=O)N(Cc3ccc(cc3)C(=O)NO)C2=O)cc1,7.812949
FC(F)(F)c1nc(no1)-c1ccc(CN(C(=O)CCn2cncn2)c2cccc(c2)C(F)(F)F)cc1,7.1416135
COc1ccc(COc2cccc3ccc(nc23)C(=O)NCc2ccc(cc2)C(=O)NO)cc1,8.23475
CC(C)[C@@H]1NC(=O)[C@H]2CCCN2C(=O)[C@@H]2CCCN2C(=O)C[C@@H](NC1=O)C(=O)NCCCC(=O)NO,6.041879
Cc1cc(C(=O)NCc2c(C)cc(C)[nH]c2=O)c(C)n1-c1cccc(NC(=O)CCCCCCC(=O)NO)c1,6.945095
FC(F)(F)c1nc(no1)-c1ccc(CN2C(=O)CCc3ncccc23)nc1,8.1725
CC(C)(C)c1cccc(c1)C(=O)Nc1ccc(cc1)C(=O)NO,7.1419134
CN1C(=O)C2Cc3c(CN2C1=O)n(Cc1ccc(cc1)C(=O)NO)c1ccccc31,8.346866
CCNc1cccc(c1)-c1cn(Cc2ccc(cc2)-c2nnc(o2)C(F)F)nn1,6.386059
ONC(=O)\C=C\c1ccc(cc1)C(=O)NCCCOc1no[n+]([O-])c1S(=O)(=O)c1ccccc1,6.676297
Cn1nc(cc1-c1ccc(F)cc1)C(=O)NCCCCCCS,6.581587
Nc1nc(N)c(C#N)c(n1)N1CC2(CC2)C[C@H]1c1nc2cccc(Cl)c2c(=O)n1Cc1cc(no1)C(=O)NO,6.5436563
CCCn1cc(cn1)-c1nc(Nc2ccc(NC(=O)CCCCCCC(=O)NO)cc2)nc2[nH]ccc12,8.118145
Fc1cc(ccc1-c1noc(n1)C(F)(F)F)N1[C@@H](COC1=O)c1ccccc1,7.1796517
ONC(=O)c1ccc(Cn2c3CCS(=O)(=O)c3c3ccccc23)cc1,8.520222
CN(Cc1ncc(s1)-c1nnc(o1)C(F)F)c1cccc(Cl)c1,6.7593107
CCNNC(=O)c1ccc(Cn2c3CCCCc3c3ccccc23)cc1,7.0264416
OCc1cc(CO)cc(c1)-n1cc(nn1)-c1cccc(NC(=O)CCCCCCC(=O)NO)c1,8.271616
CC(C)(C)c1ccc(CN2Cc3ccc(\C=C\C(=O)NO)cc3C2=O)cc1,7.1568813
COc1ccc(\C=C\C(=O)c2nnn(c2C)-c2ccc(Cl)cc2)cc1OC,5.681027
CN1CCN(CCNC(=O)c2ccc(cc2)C(=O)NO)CC1,6.782385
CN1CCc2c(C1)c1ccccc1n2CCCCCC(=O)NO,7.737608
ONC(=O)c1ccc(CCCN2CCC(CNC3CC3c3ccc(cc3)-c3cncnc3)CC2)cc1,6.8460193
Cc1cccc(NC(=O)[C@H](CCCCCC(=O)NO)NC(=O)[C@H]2CCC(=O)N2)c1,8.401091
OCc1cc2ccc(cc2o1)C(=O)NO,8.071653
COc1ccccc1NC(=O)N(CCc1ccc(O)cc1)Cc1ccc(cc1)C(=O)NO,8.359625
ONC(=O)CCCCNC(=O)c1nc(sc1-c1cccc(c1)[N+]([O-])=O)-c1nccs1,6.374048
CN1CCC2C(C1)c1ccccc1N2Cc1ccc(cc1)C(=O)NO,7.3226976
CN1CCc2c(C1)c1cc(Cl)ccc1n2Cc1ccc(cc1)C(=O)NO,8.18895
CN1CCC2(CN(Cc3ccc(cc3)C(=O)NO)c3ccccc23)CC1,7.1600833
COc1ccc(cc1NCCc1ccccc1)C(=O)NO,5.734718
FC(F)c1nnc(o1)-c1cnc(NC2CCc3cc(F)ccc23)nc1,6.348467
ONC(=O)c1ccc(Cn2nnc(n2)-c2cccc(c2)C(O)=O)cc1,7.659418
COc1cc(Cn2ccc3cc(ccc23)C(=O)NCC23C[C@H]4C[C@H](C[C@H](C4)C2)C3)ccc1C(=O)NO,6.41349
CC(C)c1ccc(cc1)-c1cc2cc(ccc2[nH]1)C(=O)NO,7.5238905
COc1ccc2c3CCN(Cc3oc2c1)[C@@H](Cc1ccccc1)C(=O)Nc1ccc(cc1)C(=O)NO,8.126061
FC(F)c1nnc(o1)-c1cnc(COc2ccc3nccnc3c2)c(F)c1,7.2563906
CCS(=O)(=O)N(Cc1ncc(s1)-c1nnc(o1)C(F)F)c1cnn(c1)C1CC1,7.405248
ONC(=O)CCCC(=O)NCCc1ccccc1,6.5215282
NCC(=O)Nc1cccc(c1)-c1cn(Cc2c(F)cc(cc2F)-c2nnc(o2)C(F)F)nn1,7.2058296
FC(F)c1nnc(o1)-c1cnc(CN(c2cncc(F)c2)S(=O)(=O)CCN2C[C@@H]3C[C@H]2CO3)s1,7.501954
Cc1cc(C)c(CNC(=O)c2cc(cc(NC(=O)CCCCC(=O)NO)c2C)-c2ccc(nc2)N2CCN(CC2)C(=O)OC(C)(C)C)c(=O)[nH]1,5.764609
ONC(=O)c1ccc(NC2CCN(C2=O)c2ccccc2)cc1,6.250129
Fc1ccc(NS(=O)(=O)c2ccc(cc2)-c2noc(n2)C(F)(F)F)cc1,6.415288
CC(C)c1sc(nc1C(=O)NCCCCC(=O)NO)-c1nccs1,6.2595086
COCCS(=O)(=O)N(Cc1ncc(s1)-c1nnc(o1)C(F)F)c1cncc(OC(F)F)c1,7.630038
Cc1noc(C)c1-c1ccc(cc1)-c1nc2cc(ccc2o1)C(=O)NO,7.8033404
CC(C)CCc1c(O)c(CCC(=O)NO)ccc1OCCCCCCC(=O)NO,7.380764
ONC(=O)CCCCCCC(=O)Nc1cnn(Cc2cc(CN=[N+]=[N-])cc(c2)N=[N+]=[N-])c1,6.5683136
CCCNNC(=O)c1ccc(NC(=O)Cc2ccccc2)cc1,5.495929
ONC(=O)CCCCCCNC(=O)c1ccc(Nc2nc3ccccc3s2)cc1,7.860953
ONC(=O)\C=C\c1ccc(OC[C@H](Cc2c[nH]c3ccccc23)NC(=O)c2ccc(F)cc2)cc1,7.020784
CS(=O)(=O)NC[C@H](Nc1ncc(cn1)-c1nnc(o1)C(F)F)c1ccc(Cl)cc1,7.329686
ONC(=O)CCCCCn1cc(C(=O)NC2C3CC4CC(C3)CC2C4)c2ccccc12,8.041228
Cc1cc(COc2cc(ccn2)-c2noc(n2)C(F)(F)F)nn1CC(F)F,7.2544994
CN1c2ccccc2C(=NC(NC(=O)CCCCCCCC(=O)NO)C1=O)c1ccccc1,6.053205
ONC(=O)c1csc(n1)C(c1ccccc1)c1ccccc1,5.6997385
ONC(=O)c1cnc(NC2c3ccccc3-c3ccccc23)nc1,7.2246428
FC(F)(F)c1nc(no1)-c1ccc(cc1)N1[C@@H](COCC1=O)c1nc(no1)-c1ccncc1,7.956636
ONC(=O)c1cnc(N[C@@H](C2CC2)c2ccccn2)c(F)c1,8.496575
ONC(=O)c1ccc(CSc2nnc(-c3ccncc3)n2-c2ccccc2)cc1,6.400305
NC(=O)c1ccc2N(Cc3ccc(cc3)C(=O)NO)CCCCc2c1,8.02336
CCCSC(=S)SCC(=O)c1ccc(s1)C(=O)N[C@H](C)c1ccccc1,7.1937656
ONC(=O)c1ccc(CNC(=O)c2ccc(Cl)c(Cl)c2)cc1,7.2337456
CCCN1C(Cc2ccccc2)C(=O)N(Cc2ccc(cc2)C(=O)NO)C1=O,7.389403
CC[C@@H]1OC(=O)[C@H](C)[C@@H](O[C@H]2C[C@@](C)(OC)[C@](O)(CN(C)C)[C@H](C)O2)[C@@H](C)[C@@H](O[C@@H]2O[C@H](C)C[C@@H]([C@H]2O)N(C)Cc2ccc(cc2)-c2cn(CCCCCC(=O)NO)nn2)[C@](C)(O)C[C@@H](C)CN(C)[C@H](C)[C@@H](O)[C@]1(C)O,7.1613307
CC(C)Cc1sc(nc1C(=O)NCCCCCC(=O)NO)-c1nccs1,6.4873395
FC(F)c1nnc(o1)-c1cnc(COc2cccc3cncnc23)nc1,7.2467046
CC[C@H](Nc1nc(N)nc(N)c1C#N)c1nc2cccc(NCc3ccc(cc3)C(=O)NO)c2c(=O)n1-c1ccccc1,7.910408
CCc1cncc(c1)N(Cc1ncc(s1)-c1nnc(o1)C(F)F)S(=O)(=O)CCOC,7.322606
FC(F)(F)c1nc(no1)-c1ccc(cc1)C(=O)NCCN1CCCC1,5.6870737
CCSC(=S)SCC(=O)c1cccc(NS(=O)(=O)c2ccccc2)c1,6.5010037
OC(O)(C(=O)NCCCCCCC(=O)Nc1ccc(cc1)-c1ccccc1)C(F)(F)F,3.6424417
ONC(=O)c1ccc(NC(=O)c2c(F)c(F)c(F)c(F)c2F)cc1,8.186943
COc1ccc(Cn2ccc3ccc(cc23)C(=O)NO)cc1,8.009427
ONC(=O)CCCCCNC(=O)\C=C\c1ccc(Cl)cc1F,6.657533
ONC(=O)CCCCCCNC(=O)c1ccc(cc1)N(c1cccc(Cl)c1)c1cccc(Cl)c1,8.051995
FC(F)(F)c1nc(no1)-c1ccc(CNc2cccc(c2)C(=O)Nc2ccccc2)nc1,7.2707024
C\C(\C=C\C(=O)NO)=C/c1ccc(NS(=O)(=O)c2ccc(cc2)N(CCCl)CCCl)cc1,8.014486
ONC(=O)CCCc1csc(Cc2ccccc2)n1,6.4588814
OC(O)(C(=O)NCCCCCCC(=O)Nc1ccc(Cl)cc1)C(F)(F)F,3.8430927
COc1cc(cc(OC)c1OC)-c1ncc(s1)C(=O)NCCCCCCC(=O)NO,7.4050264
Cc1cccc(c1)-n1nc(nc1CNc1ccc(cc1)C(=O)NO)-c1ccccc1,6.8231645
CN(CCCCCCC(=O)NO)C(=O)c1ccc(cc1)C(O)(c1ccccc1)c1ccncc1,7.6479106
CC[C@H]1OC(=O)[C@H](C)[C@@H](O[C@@H]2C[C@](C)(OC)[C@H](O)[C@@H](C)O2)[C@H](C)[C@@H](O[C@@H]2O[C@H](C)C[C@@H]([C@H]2O)N(C)C)[C@@](C)(O)C[C@@H](C)CN(Cc2ccc(cc2)-c2cn(CCC(=O)NO)nn2)[C@@H](C)[C@@H](O)[C@]1(C)O,6.385734
CC(=O)N1CCc2c1cccc2N1C(=O)N(Cc2ccc(cn2)-c2nnc(o2)C(F)F)C(=O)C1(C)C,6.430671
ONC(=O)CCCCCCC(=O)Nc1ccc(cc1)C1=C(C2CC(C1O2)S(=O)(=O)Oc1ccc(Br)cc1)c1ccc(O)cc1,7.9927135
Cc1cccc(C)c1Nc1cccc(c1)C(=O)NCCCCCCC(=O)NO,7.6351376
CC(C)c1cc(C(=O)N2Cc3ccc(NC(=O)CCCCCC(=O)NO)cc3C2)c(O)cc1O,6.8145866
FC(F)(F)c1nc(no1)-c1ccc(CNc2cccc3[nH]ncc23)cc1,7.283128
COc1c(OCCCCCC(=O)NO)ccc2C3=NCCN3C(NC(=O)c3ccccc3)=Nc12,8.02577
CN(C)c1ccc(cc1)C(=O)N(CCCCCC(=O)NO)CC(=O)NCc1ccccc1,7.505901
Fc1ccc2OCCN(Cc3ccc(cn3)-c3noc(n3)C(F)(F)F)c2c1,7.6308928
Fc1cc(COc2nnc(o2)C2CC2)ccc1-c1noc(n1)C(F)(F)F,6.982684
ONC(=O)c1ccc(CN(Cc2ccccn2)S(=O)(=O)c2cc(F)c(F)c(F)c2F)cc1,7.882869
CS(=O)(=O)NCCc1cn(Cc2ccc(cc2)C(=O)NO)c2ccccc12,7.9848466
ONC(=O)c1cnc(Nc2cc(Cl)cc(OC(F)(F)F)c2)nc1,8.012923
C(Cc1ncc(CCN2CCCC2)[nH]1)C(c1ccccc1)c1ccccc1,6.4572697
CC1(CCN(CC1)c1cnc(c(N)n1)-c1cccc(Cl)c1Cl)NCC(=O)NCc1ccc(\C=C\C(=O)NO)cc1,6.4127254
ONC(=O)CCCCCCC(=O)NC1CCCC1,7.33632
FC(F)(F)c1nc(no1)-c1ccc(CN2C(=O)CSc3ccccc23)nc1,7.560297
Cn1c(N)nc2cc(ccc12)-c1nnn(Cc2ccc(cc2F)-c2nnc(o2)C(F)F)n1,7.6048303
ONC(=O)c1ccc(CN2N=C(Cl)C=C3Sc4ccccc4N=C23)cc1,7.2017875
ONC(=O)CCCCCCNC(=O)c1ncc(s1)-c1cccc(c1)C(F)(F)F,7.7967815
COc1cc(OC)cc(c1)-c1ncc(s1)C(=O)NCCCCCCC(=O)NO,7.402005
CC(=O)N(C[C@@H](Nc1ncc(cn1)-c1nnc(o1)C(F)F)c1ccc(F)cc1)CC(F)(F)F,6.0630856
Cn1cncc1-c1cn(Cc2ccc(cc2)C(=O)NO)c2ccccc12,8.030681
COc1cc2ncn(CC(O)=O)c(=O)c2cc1OC,4.752043
NCc1ccc(cc1)-c1cn(Cc2c(F)cc(cc2F)-c2nnc(o2)C(F)F)nn1,7.417002
CCC(=O)CCCCC[C@H](NC(=O)[C@H]1CC11CCN(CC2CC2)CC1)c1ncc([nH]1)-c1cc2ccc(CC)nc2cc1OC,6.2233763
ONC(=O)CCCCCCC(=O)Nc1ccc(cc1)C1=C(C2CC(C1O2)S(=O)(=O)Oc1ccc2ccccc2c1)c1ccc(O)cc1,8.101899
ONC(=O)CCCCCCC(=O)Nc1cc2c(Nc3cccc(Cl)c3)ncnc2s1,8.029306
Cc1cc(-c2ccc(\C=C3/C(=O)N(N=C3C3CC3)c3ccc(cc3)C(O)=O)s2)c(cc1C)C(F)(F)F,5.2012205
ONC(=O)c1cnc(NCc2ccccc2)nc1,7.8904524
OC(=O)CCc1nc2ccccc2nc1OCCOc1ccccn1,5.3763366
CCS(=O)(=O)N(Cc1ncc(s1)-c1nnc(o1)C(F)F)c1cncc(c1)C#N,7.4765286
CC(C)c1cccc(C(C)C)c1Nc1ccc(cc1)C(=O)N(C)CCCCCCC(=O)NO,6.1005044
C[C@H]1COc2c(N3CCN(C)CC3)c(F)cc3c2n1cc(C(=O)NCc1cn(CCCCCCC(=O)NO)nn1)c3=O,7.4647455
CCCN(C)C[C@@H](C)NC(=O)c1ccc(cc1)-c1noc(n1)C(F)(F)F,4.925253
CC(C)(C)NC(=O)CN(Cc1ccc(cc1F)C(=O)NO)C(=O)c1ccccc1C(F)(F)F,7.6864376
Nc1ccc(cc1)-c1noc(Cc2ccc(cc2F)-c2nnc(o2)C(F)F)n1,6.9697747
ONC(=O)\C=C\c1cccc(c1)-c1nc2ccccc2n1CC1CCNCC1,6.9035716
NCc1ccccc1OCc1ccc(-c2noc(n2)C(F)(F)F)c(F)c1,6.9511056
CN(CCCCCCC(=O)NO)C(=O)c1ccc(cc1)N(C)c1ccccc1C#N,7.3659554
FC(F)(F)c1nc(no1)-c1ccc(COc2ccc3ncnn3c2)nc1,7.305347
CN(C)[C@@H]1CCN(C1)c1ncc(cn1)C(=O)NCCCCCCC(=O)NO,7.019603
FC(F)(F)c1nc(no1)-c1ccc(CNc2cnccn2)nc1,7.4864693
FC(F)c1nnc(o1)-c1csc(CN(c2cccc(Cl)c2)S(=O)(=O)C2CC2)n1,6.615558
ONC(=O)c1ccc(Cl)c(NC(=O)c2cccc3ccsc23)c1,6.6009374
COc1ccc(cc1)-c1nc(cs1)[C@H](CCCCNS(N)(=O)=O)NC(=O)OCc1ccccc1,5.9095473
CCC(CC)(c1ccc(OCC(O)CCC(=O)NO)c(C)c1)c1ccc(OCC(O)C(C)(C)C)c(C)c1,4.7174892
CC(C)Cc1sc(nc1C(=O)Nc1cccc(\C=C\C(=O)NO)c1)-c1nccs1,6.640802
CC(C)(F)CN1CCc2cc(O)ccc2C1c1ccc(OCCCCCCC(=O)NO)cc1,7.24004
ONC(=O)CCCCN1c2ccccc2C(=N[C@@H](Cc2cnc[nH]2)C1=O)c1ccccc1,5.569339
COc1cncc(OCc2ccc(-c3noc(n3)C(F)(F)F)c(F)c2)c1,7.290208
ONC(=O)CCCCCNC(=O)c1cccc2cc3ccccc3nc12,7.6917124
CN(c1ccc(cc1)C(=O)NCCCCCCC(=O)NO)c1c(Cl)cccc1Cl,7.6002593
Cc1cc(C)cc(c1)C(=O)N(CC(=O)NCc1ccccc1)Cc1ccc(cc1F)C(=O)NO,7.3279133
Cn1ccc(cc1=O)-c1ccc(cc1)[C@H]1C[C@@H]1NCC1CCN(CCCc2ccc(cc2)C(=O)NO)CC1,7.15068
CCNc1nc(Cl)nc2n(Cc3ccc(cc3)C(=O)Nc3ccccc3N)cnc12,5.635692
COc1cc(cc(OC)c1OC)C(=C)c1ccc2n(C)c(\C=C\C(=O)NO)cc2c1,5.9995446
FC(F)(F)c1nc(no1)-c1ccc(Cn2c3cc(ccc3ccc2=O)C(F)(F)F)nc1,7.6758547
CC(C)(C)OC(=O)Nc1ccc(cc1)-c1cc(no1)C(=O)NCCc1cc(no1)C(=O)NO,8.062043
CCOC(=O)SCC(=O)c1ccc(OC)cc1,5.826214
CC1(C)CC(=O)Nc2ccc(cc12)C(=O)NCCCCCCC(=O)NO,6.9988728
ONC(=O)CCc1csc(\C=C\c2ccc(Cl)cc2)n1,6.694757
CNC(=O)c1ccc(Nc2c[nH]c3ccccc23)cc1,6.1585684
FC(F)(F)c1nc(no1)-c1ccc(cc1)C(=O)NCC1CC1,6.01877
Cn1cccc1C(=O)N1CCn2cc(nc2C1)C(=O)NO,6.2367415
ONC(=O)c1ccc(CNCc2cccs2)cc1,7.2836986
CNC(=O)N1CCC(CC1)(Nc1ncc(cn1)C(=O)NO)c1ccccc1,8.64746
CC(C)(C)OC(=O)Nc1ccc(cc1)-c1cc(no1)C(=O)NCCCCC(=O)NO,7.514529
ONC(=O)CCc1csc(\C=C\c2ccc(F)cc2)n1,6.763812
CC(F)c1cncc(c1)N(Cc1ncc(s1)-c1nnc(o1)C(F)F)S(C)(=O)=O,7.4209676
CS(=O)(=O)NC[C@H](Nc1ncc(cn1)-c1nnc(o1)C(F)F)c1ccc(F)cc1F,7.1894054
ONC(=O)c1ccc(Cn2cc(C(=O)NC3C4CC5CC(C4)CC3C5)c3ccccc23)cc1,8.368475
CC(C)n1c(C)nc2c(F)cc(cc12)-c1nc(Nc2ccc(CNC(=O)CCCCCCC(=O)NO)cc2)ncc1F,7.8248105
CCNC(=O)N(Cc1ccc(cc1)-c1noc(n1)C(F)(F)F)c1cccc(c1)C(F)(F)F,7.520873
CC(NS(C)(=O)=O)[C@H](Nc1ncc(cn1)-c1nnc(o1)C(F)F)c1ccc(F)cc1,7.1193447
ONC(=O)CCc1csc(CCc2cccc(F)c2)n1,7.025279
OCCNC(=O)c1ccc(cc1)-c1noc(n1)C(F)(F)F,6.0696325
ONC(=O)CCCCNC(=O)c1csc(n1)-c1cscn1,6.054873
ONC(=O)c1cccc(c1)C(=O)NOCc1ccc(Cl)cc1Cl,5.9566846
CN(C)S(=O)(=O)N(Cc1ncc(s1)-c1nnc(o1)C(F)F)c1cccc(Cl)c1,6.6974144
SCC(=O)NCCCCCC(=O)Nc1cccc2cccnc12,6.971731
C[C@H]1COc2c(N3CCN(C)CC3)c(F)cc3c2n1cc(C(=O)OCc1cn(CCCCCCCC(=O)NO)nn1)c3=O,7.498269
FC(F)c1nnc(o1)-c1cnc(NC2(CC2)c2c(F)cc(F)cc2F)nc1,7.544324
ONC(=O)CCCCCCC(=O)Nc1ccc(cc1)-c1cn(nn1)-c1ccccc1,8.015517
COc1ccccc1CNCCCCCNCCCCCCCCNCCCCCNCc1ccccc1OC,6.2194257
COc1cc2c(NCC3CCN(CC3)c3ccc(cc3)C(=O)NO)cc(nc2cc1OCCCN1CCCC1)-c1ccc(C)o1,5.7413425
Cc1c(COc2ccc(CNCCCCCC(=O)NO)c(F)c2)cccc1-c1ccc2OCCOc2c1,6.947027
Cn1c(OCc2ccc(-c3noc(n3)C(F)(F)F)c(F)c2)nc2cccnc12,7.299669
ONC(=O)c1ccc(COc2c(-c3cccnc3)c3ccccc3n(Cc3ccccc3)c2=O)cc1,6.6973076
ONC(=O)CCCNC(=O)CC[C@@H]1N=C(c2ccccc2)c2ccccc2NC1=O,5.265059
FC(F)c1nnc(o1)-c1ccc(COc2cccc3cccnc23)nc1,7.0715804
ONC(=O)CCCCC[C@H](NC(=O)C1C(CNC1=O)c1ccccc1)C(=O)Nc1ccccc1,8.4645815
Cc1ccnnc1OCc1ccc(-c2noc(n2)C(F)(F)F)c(F)c1,7.1680713
CC(C)(C)NC(=O)[C@H](CCCCCS)NC(=O)OC(C)(C)C,6.5897107
ONC(=O)CCCCCCNC(=O)c1ccc(cc1)-c1cn(CCCCCCOCCOCCNC(=O)CC23C[C@H]4C[C@H](C[C@H](C4)C2)C3)nn1,7.2969127
CCNNC(=O)c1ccc(CN2c3ccccc3Sc3ccccc23)cc1,5.9233055
ONC(=O)c1ccc(NC(=O)c2ccc(F)cc2)cc1,7.4959364
CCCCCCNNC(=O)c1ccc(Br)cc1,5.658827
CCN(CC)c1ccc(cc1)C(=O)NO,6.7625074
Cc1cc(cc(c1)C1(CC1)Nc1ncc(cn1)C(=O)NO)C(F)(F)F,8.306103
CN(Cc1ccccc1)C(=O)c1ccc(s1)C(=O)C(F)(F)F,5.94473
CCS(=O)(=O)N(Cc1ncc(s1)-c1nnc(o1)C(F)F)Cc1ccc(F)cn1,6.798964
OC(=O)Cn1nc(cc1-c1ccc(F)cc1)C(=O)NCCCCCCS,5.797138
C[C@H](c1ccc(cn1)-c1nnc(o1)C(F)F)n1cc(nn1)-c1ccc(N)nc1,7.1568246
ONC(=O)c1ccc(CN(CC(=O)NCc2ccccc2)C(=O)c2cccc3ccccc23)cc1,7.59988
Nc1cccc(c1)-c1csc(NC(=O)CCCCc2cc(no2)C(=O)NO)n1,6.9744267
Cc1ccc2c3CC(CCc3nn2c1)NCc1ccc(cc1)-c1noc(n1)C(F)(F)F,7.003909
ONC(=O)c1ccc(CN2[C@@H]3CCCCC[C@H]3Cc3ccccc23)cc1,7.8656507
SCCCCC[C@H](NC(=O)[C@H]1CCCNC1=O)C(=O)Nc1ccccc1,7.4579215
ONC(=O)CCCCCCNC(=O)c1cnc(nc1)N1CCNCC1,7.6854496
CNC(=O)CCCCCCCn1nc(-c2ccc3oc(N)nc3c2)c2c(N)ncnc12,7.1958475
COC(c1ccccc1)(c1ccc(cc1)C(=O)NCCCCCCC(=O)NO)c1cccnc1,7.555165
ONC(=O)c1cnc(CN2CCc3ccccc3C2)c(F)c1,8.122339
ONC(=O)c1ccc(CCS(=O)(=O)N2CCC(CNC3CC3c3ccccc3)CC2)cc1,6.1350393
COc1cccc(c1)-c1csc(NC(=O)[C@H](CCCCNS(N)(=O)=O)NC(=O)OCc2ccccc2)n1,6.466023
COc1ccc2n(CCCCCC(=O)NO)cc(CCNC(C)=O)c2c1,7.311079
ONC(=O)c1cnc(nc1)C1(CCC(F)(F)CC1)c1ccccc1,6.51421
COc1ccc2n(C(=O)c3ccc(Cl)cc3)c(C)c(CC(=O)NCCCCCCCC(=O)NO)c2c1,7.2730994
COc1cc(\C=C\C(=O)NO)ccc1OCCN(C)C(=O)c1ccccc1O,6.9212956
Cc1ccc(cc1F)-c1csc(NC(=O)CCCCCCS)n1,7.098341
ONC(=O)c1ccc(CN2C(=O)NC(Cc3ccc(Cl)cc3)(C2=O)c2ccccc2)cc1,7.447847
ONC(=O)c1ccc(COc2c(-c3ccccc3)c3ccccc3n(Cc3ccccc3)c2=O)cc1,6.5573993
ONC(=O)c1cnc(NC2(CCCCC2)c2cc(F)cc(F)c2)nc1,8.660307
ONC(=O)c1nc2CCN(CCCCNC(=O)\C=C\c3ccccc3)Cc2s1,5.402171
Nc1nc(N)c(C#N)c(n1)N1CCC[C@H]1c1nc2cccc(Cl)c2c(=O)n1Cc1ccc(s1)C(=O)NO,6.985609
ONC(=O)CCCCCOc1no[n+]([O-])c1S(=O)(=O)c1ccccc1,7.073782
COc1ccc(-c2ccccc2)c2CCN(Cc3ccc(cc3)C(=O)NO)CCc12,7.178477
Oc1ccc(CC(=C)C(=O)NCCSSCCNC(=O)C(=C)Cc2ccc(O)c(Br)c2)cc1Br,4.65201
CN1C(=O)C(C)(C)c2cc(ccc12)C1CC1NCC1CCN(CCCc2ccc(cc2)C(=O)NO)CC1,6.439736
CC[C@H](Nc1nc(C)nc(N)c1C#N)c1nc2cccc(NCc3ccc(cc3)C(=O)NO)c2c(=O)n1-c1ccccc1,7.676391
CCN\C=C(/C=N)N(Cc1ncc(s1)-c1nnc(o1)C(F)F)S(=O)(=O)CC,7.6684375
FC(F)c1nnc(o1)-c1cnc(NC(C(=O)Nc2ccccc2)c2ccc(F)cc2)nc1,6.0336475
CCc1c2Cn3c(cc4c(COC(=O)[C@]4(O)CC)c3=O)-c2nc2ccc(OCc3cn(CCCCCC(=O)NO)nn3)cc12,6.4452825
CC(Nc1ncc(cn1)-c1nnc(o1)C(F)(F)F)c1ccccc1,6.568507
CCS(=O)(=O)N(Cc1ncc(s1)-c1nnc(o1)C(F)F)c1ccc(cc1)-n1ccnc1,7.568068
CCN(C1CCOCC1)c1cc(cc(C(=O)NCc2c(C)cc(C)[nH]c2=O)c1C)-c1ccc(nc1)N1CCN(CC1)c1ncc(cn1)C(=O)NO,5.730851
Nc1ccc(cn1)-c1cn(Cc2cc(F)c(cc2F)-c2nnc(o2)C(F)F)nn1,7.3057976
ONC(=O)c1ccc(CN(C2CC2)S(=O)(=O)c2c(F)c(F)c(Cl)c(F)c2F)cc1,7.97768
FC(COc1cc(ccn1)-c1noc(n1)C(F)(F)F)CN1CCOCC1,6.9085264
ONC(=O)c1ccc(CN2C3CCS(=O)(=O)C3c3ccccc23)cc1,7.92005
ONC(=O)c1ccc(NCCOc2ccc3Nc4nccc(n4)-c4cccc(COC\C=C\COCc2c3)c4)cc1,6.961013
CCOC(=S)SCC(=O)c1ccc(NC(C)=O)cc1,6.5704265
FC(F)c1nnc(o1)-c1ccc(COc2ccc3n(CCN4CCCC4)cnc3c2)nc1,6.879467
CC(C)(Nc1ncc(cn1)-c1nnc(o1)C(F)F)c1ccc(F)cc1F,7.2880087
FC(F)c1nnc(o1)-c1cnc(COc2ccc3ccncc3c2)c(F)c1,7.2925053
Cc1ccc(Nc2nc3cc(ccc3o2)C(=O)NO)cc1,7.809546
CC[C@H]1OC(=O)[C@H](C)C(=O)[C@H](C)[C@@H](O[C@@H]2O[C@H](C)C[C@@H]([C@H]2O)N(C)Cc2ccc(cc2)-c2cn(CCCCCCCCCC(=O)NO)nn2)[C@@](C)(C[C@@H](C)C2=NCCN3[C@H]([C@H]2C)[C@]1(C)OC3=O)OC,6.3341417
COc1ccc(cc1OC)-c1ncc(\C=C\C(=O)Nc2ccccc2N)s1,4.539509
CCCCCNNC(=O)c1ccc(Br)cc1,5.636082
CC1(C)NC(=O)[C@H](CCCCCC(=O)NO)NC(=O)[C@H]2CCCN2C(=O)[C@H](Cc2ccccc2)NC1=O,6.949166
CC(C)(C)OC(=O)N1C[C@H](N(C(=O)C1C1CCOCC1)c1ccc(cn1)-c1noc(n1)C(F)(F)F)c1cc(F)cc(F)c1,7.747588
CC[C@H](Nc1nc(N)nc(C2CC2)c1C#N)c1nc2cccc(NCc3ccc(cc3)C(=O)NO)c2c(=O)n1-c1ccccc1,7.702844
Nc1ncc(cn1)-c1cn(Cc2ccc(cc2)C(=O)NO)c(=O)c(Nc2ccccc2)n1,7.7830496
Oc1cccn(CCCCCn2cc(nn2)-c2ccccc2)c1=S,6.0853367
ONC(=O)CCn1c2cc(Cl)ccc2c(=O)n(Cc2ccccc2)c1=O,5.8499327
ONC(=O)c1ccc(NC(=O)c2ccc(cc2)C2CCCCC2)cc1,7.1757646
CCN1CCC2(C[C@@H]2C(=O)N[C@@H](CCCCCC(=O)CC)c2ncc([nH]2)-c2ccc3ccncc3c2)CC1,5.626395
CN1CCN(CC1)S(=O)(=O)N(Cc1ccc(cc1)-c1nnc(o1)C(F)F)c1ccc(F)c(Cl)c1,5.944188
FC(F)(F)c1nc(no1)-c1ccc(CC(NC(=O)CN2CCOCC2)c2cccc(c2)C(F)(F)F)nc1,7.1905036
COc1cc(\C=C\C(=O)NO)ccc1OCCCCN(C)C(=O)c1ccccc1O,6.7207003
ONC(=O)c1ccc(Nc2c3ccccc3nc3ccc(OC(F)(F)F)cc23)cc1,7.0649414
CCN(c1ccc(cc1)C(=O)NO)S(=O)(=O)c1cccc(c1)C(C)(C)C,6.595723
CCS(=O)(=O)N(Cc1cnc(s1)-c1nnc(o1)C(F)F)c1cncc(OC(F)F)c1,7.2626643
CC(=O)Nc1cnc(cn1)-c1noc(n1)C(F)(F)F,6.1190076
CN(CCOc1no[n+]([O-])c1S(=O)(=O)c1ccccc1)C(=O)c1ccc(\C=C\C(=O)NO)cc1,6.4456105
CCCCCCCCCCCCOc1c(CC)cc(Cc2cnc(N)nc2N)cc1CC,6.005781
Cl.Cc1[nH]c2ccccc2c1CCNCc1cccc(\C=C\C(=O)NO)c1,7.1519113
FC(F)(F)c1nc(no1)-c1ccc(nc1)N1CCCCC1c1ccccn1,6.9930825
ONC(=O)c1ccc(COc2c(-c3ccccc3)c3ccccc3[nH]c2=O)cc1,6.5166197
Cc1nc2N(Cc3ccc(cc3)C(=O)NO)c3ccccc3Sc2s1,8.071592
FC(F)c1nnc(o1)-c1ccc(Cn2nnc(n2)-c2cccc(c2)-c2cnc(s2)N2CCOCC2)cc1,7.1590433
FC(F)c1nnc(o1)-c1cnc(CN(c2cccnc2)S(=O)(=O)CCN2C3CC2COC3)s1,7.555012
ONC(=O)CCCCCCCCCCn1cc(cn1)-c1ncnc2[nH]ccc12,7.684336
CCCCN(Cc1ccc(cc1)C(=O)NO)C(=O)Nc1ccc(CN)cc1,8.513678
ONC(=O)c1ccc(NCc2nc(nn2-c2ccc(Br)cc2)-c2ccccc2)cc1,6.853159
ONC(=O)c1cc(CCCCN2CCCc3cc(Cl)ccc23)on1,6.2375274
FC(F)c1nnc(o1)-c1cnc(NC2(CC2)c2cc(F)ccc2Cl)nc1,7.328015
COc1ccc(cc1OC)-c1nnn(Cc2ccc(cc2)-c2nnc(o2)C(F)F)n1,6.718504
FC(F)(F)c1nc(no1)-c1ccc(cc1)C(=O)Nc1ccnc(c1)C#N,5.6805525
FC(F)c1nnc(o1)-c1ccc(Cn2nnc(n2)-c2ccc(Sc3ccccc3)c(NC(=O)N3CCOCC3)c2)cc1,7.620153
ONC(=O)c1ccc(Cn2c3ccccc3c(=O)n(CCc3cccs3)c2=O)cc1,7.617292
ONC(=O)c1ccc(Cn2c3ccccc3c(=O)n(CCc3ccccc3O)c2=O)cc1,7.3945456
CC[C@H]1OC(=O)[C@H](C)C(=O)[C@H](C)[C@@H](O[C@@H]2O[C@H](C)C[C@@H]([C@H]2O)N(C)Cc2ccc(cc2)-c2cn(CCCCCCCCC(=O)NO)nn2)[C@@](C)(C[C@@H](C)C2=NCCN3[C@H]([C@H]2C)[C@]1(C)OC3=O)OC,6.4853363
CN1CC2(C1)CN(C2)C(=S)N(Cc1ccc(cc1F)-c1nnc(o1)C(F)F)c1ccc(Cl)c(Cl)c1,6.77177
FC(F)c1nnc(o1)-c1cnc(N[C@H](CN(CC(F)(F)F)S(=O)(=O)C2CC2)c2ccc(F)cc2)nc1,6.902406
CN(Cc1ccccc1)c1cc(NCCCC(=O)NO)nc(n1)-c1cccnc1,5.573058
C[C@H](NC(=O)c1nc(sc1C1CC1)-c1ncc(s1)-c1ccc(F)cc1)c1ccc(cc1)C(=O)NO,7.9791236
CCS(=O)(=O)N(Cc1ncc(s1)-c1nnc(o1)C(F)F)c1cncc(c1)C(C)F,7.570598
ONC(=O)CCCCCCNC(=O)c1ccc(Nc2c(Cl)cccc2Cl)cc1,7.6143456
ONC(=O)CCCCNC(=O)c1nc(sc1-c1ccc(F)cc1Cl)-c1nccs1,5.977637
COC(=O)c1cc(ccc1SCCCO)S(N)(=O)=O,6.0227184
FC(F)c1nnc(o1)-c1ccc(COc2cncc(F)c2)nc1,7.3774137
C[C@@H]1C[C@H](OC(=O)NCc2ccc(cc2)C#C)[C@@H]2[C@@H](CC[C@@H]3C[C@H](CC(=O)O3)O[Si](C)(C)C(C)(C)C)[C@@H](C)C=CC2=C1,6.429794
ONC(=O)c1ccc2nc([nH]c2c1)-c1ccc(cc1)-c1ccccc1,7.6242857
Cc1cc(C)cc(c1)-c1ccc2c(NC(=O)c3ccc(cc3)C(=O)NO)n[nH]c2c1,6.503762
C[C@@H]1NC(=O)[C@@]2(CCc3ccccc23)NC(=O)[C@H](CCCCCSSc2ccccn2)NC(=O)[C@H]2CCCN2C1=O,6.8356166
Cc1cccc(CCOc2cc(ccn2)-c2noc(n2)C(F)(F)F)n1,7.444824
CN(C)c1ccc(cc1)-c1nc(cc2c3ccccc3[nH]c12)C(=O)NCc1ccc(\C=C\C(=O)NO)cc1,8.039437
CCS(=O)(=O)N(Cc1ncc(s1)-c1nnc(o1)C(F)F)c1cncc(CCOC)c1,7.4413137
COc1cc(OC)c2c(nc(nc2c1)-c1cc(C)c(OCCCCCC(=O)NO)c(C)c1)N1CCOC[C@@H]1C,7.0675836
CCSC(=S)SCC(=O)c1ccc(NS(C)(=O)=O)cc1,6.6035256
ONC(=O)c1ccc(Cn2c3CCS(=O)(=O)Cc3c3ccccc23)cc1,8.298024
FC(F)c1nnc(o1)-c1cnc(COc2cccc(c2)C#N)c(F)c1,7.3039603
ONC(=O)c1ccc(\C=C\C(=O)N2CCC(CN[C@H]3C[C@@H]3c3ccccc3)CC2)cc1,6.971474
CC(C)N(CCn1c(nc2ccccc12)-c1cccc(\C=C\C(=O)NO)c1)C(C)C,7.2701283
ONC(=O)c1cnc(Nc2cccc(c2)-c2ccccc2)nc1,7.8000126
ONC(=O)CCCCCCC(=O)Nc1cccc(c1)-c1cn(Cc2ccc(F)cc2)nn1,8.096379
ONC(=O)c1cccc(NC(=O)c2ccccc2)c1,6.0394573
COc1ccccc1CNCCCCCCNCCCCCCCCCCCCCNCCCCCCNCc1ccccc1OC,7.134387
ONC(=O)c1cc(F)c(Cn2nnc(n2)-c2ncccn2)c(F)c1,8.035705
NC(=O)c1ccc2Sc3ccccc3N(Cc3ccc(\C=C\C(=O)NO)cc3)c2c1,7.5560746
CCCCN(Cc1ccc(cc1)C(=O)NO)C(=O)CCCCn1cc(COc2cccc(Cc3cnc(NC(=O)CSc4nc(C)cc(C)n4)s3)c2)nn1,7.3111277
FC(F)c1nnc(o1)-c1cnc(N[C@@H](CC(F)(F)F)c2ccc(F)cc2F)nc1,6.4281144
CN1CCc2c(C1)sc1nc([nH]c(=O)c21)-c1cc(C)c(OCCCC(=O)NO)c(C)c1,6.496265
ONC(=O)CCCCCCOc1cccc(c1)-c1nnc(s1)-c1ccccc1,7.8782806
ONC(=O)c1cnc(NC2(CCN(CC2)S(=O)(=O)c2ccccc2)c2ccccc2)nc1,8.326399
Cc1cc(C)cc(c1)C(=O)N(CC(=O)NC1CCCCC1)Cc1ccc(cc1)C(=O)NO,7.280369
Nc1ncnc2cc(ccc12)-c1cn(Cc2cc(F)c(cc2F)-c2nnc(o2)C(F)F)nn1,7.1450167
Cc1[nH]c2cc(O)ccc2c1CCNCc1ccc(\C=C\C(N)=O)cc1,6.611344
CC[C@H]1OC(=O)[C@H](C)C(=O)[C@H](C)[C@@H](O[C@@H]2O[C@H](C)C[C@@H]([C@H]2O)N(C)Cc2ccccc2-c2cn(CCCCCC(=O)NO)nn2)[C@](C)(C[C@@H](C)C2=NCCN3[C@H]([C@H]2C)[C@]1(C)OC3=O)OC,6.960912
ONC(=O)c1ccc(NC(=O)[C@@H](NS(=O)(=O)c2cccc3ccccc23)c2ccccc2)cc1,5.645796
ONC(=O)CCCCCCNC(=O)c1cnc(nc1)N1CCN(CC1)c1ccc(F)cc1,7.6054187
Nc1nccc2cc(ccc12)-c1nnn(Cc2ccc(cc2F)-c2nnc(o2)C(F)F)n1,7.266776
ONC(=O)c1ccc(NC2CCN(C2=O)c2ccc(Cl)c(Cl)c2)cc1,5.948699
ONC(=O)CCCCNC(=S)Nc1ccc2C(=O)NC(=O)c2c1,5.780569
FC(F)c1nnc(o1)-c1cnc(NC(CN2CCCC2=O)c2ccc(F)cc2)nc1,7.1714616
OCCSSCCCCC[C@H](NC(=O)OCc1ccccc1)C(=O)Nc1cccc2cccnc12,7.750061
CC[C@@H]1OC(=O)[C@H](C)[C@@H](O[C@@H]2C[C@](C)(OC)[C@@](O)(CN(C)Cc3ccc(cc3)-c3cn(CCCCCC(=O)NO)nn3)[C@@H](C)O2)[C@@H](C)[C@@H](O[C@@H]2O[C@H](C)C[C@@H]([C@H]2O)N(C)C)[C@](C)(O)C[C@@H](C)CN(C)[C@H](C)[C@@H](O)[C@]1(C)O,7.0617876
ONC(=O)c1cccc(c1)-c1cn(CCc2ccccc2)nn1,6.433058
CCC(NCc1ccc(cc1)C(=O)NO)C12CC3CC(CC(C3)C1)C2,7.036598
FC(F)c1nnc(o1)-c1ccc(nc1)C(F)(F)Oc1ccc(F)cc1,6.699766
CN(CCCCCCC(=O)NO)C(=O)c1ccc(cc1)C(O)(c1ccc(F)cc1F)c1ccc(F)cc1F,6.678054
CC(C)C[C@H]1CC(=O)N[C@@H](C)C(=O)N[C@@H](CCCCCC(N)=O)C(=O)N[C@@H](Cc2c[nH]c3ccccc23)C(=O)N1,6.144619
CC12CC3CC(C)(C1)CC(C3)(C2)NC(=O)\C=C\c1ccc(cc1)C(=O)NO,6.010256
Cc1cc(C)c(CNC(=O)c2cc(cc(NCCCCCC(=C)NO)c2C)-c2ccc(nc2)N2CCN(CC2)C(=O)OC(C)(C)C)c(=O)[nH]1,6.0719967
CN(C)C(=Nc1ccc(cc1)-c1cn(Cc2ccc(cc2)-c2nnc(o2)C(F)F)nn1)N(C)C,6.417308
CN(CC(Nc1ncc(cn1)-c1nnc(o1)C(F)F)c1ccc(OC(F)F)cc1F)S(C)(=O)=O,7.2391195
Cc1cc(nn1C)-c1nnc(Sc2c(F)c(F)c(C(=O)NO)c(F)c2F)n1C,7.145131
Cn1c(Sc2c(F)cc(cc2F)C(=O)NO)nnc1-c1ncccc1F,7.9275355
CN(C)C(=O)c1ccc(cc1)C(O)(c1ccccc1)c1ccc(cc1)C(=O)NCCCCCCC(=O)NO,7.3401785
CCCNNC(=O)c1cnc(NCc2ccc(OC)cc2)cn1,5.905581
ONC(=O)c1ccc(CCCN2CCC(CNC3CC3c3ccc(OCc4ccc(F)cc4)cc3)CC2)cc1,6.917052
Cc1ccc(cc1)C1(CC1)Nc1ncc(cn1)C(=O)NO,8.455117
ONC(=O)c1ccc(CN(C2CCCC2)S(=O)(=O)c2cc(F)c(F)c(F)c2F)cc1,8.127785
CC(C)=Cc1sc(nc1C(=O)NCCCNC(=O)CS)-c1nccs1,5.909759
FC(F)c1nnc(o1)-c1ccc(COc2ccc3CNCCc3c2)nc1,6.9183803
CC(C)(C)c1ccc(cc1)C(=O)NCc1ccc(cc1)C(=O)NO,7.8940215
ONC(=O)c1ccc(CCc2cccc3cccnc23)cc1,7.357491
ONC(=O)c1ccc(CN2CCCc3cc(Cl)c(Cl)cc23)cc1,7.2788672
C\C(=N/O)c1ccc2[S+]([O-])c3ccccc3N(Cc3ccc(cc3)C(=O)NO)c2c1,7.740719
CN(C)c1ccc(cc1)C(=O)NCCCCNC(=O)CS,5.7260265
COCCn1cc(cn1)-c1nc(Nc2ccc(NC(=O)CCCCCCC(=O)NO)cc2)nc2[nH]ccc12,8.387963
ONC(=O)c1ccc(CC(=O)N2CCC(CN[C@@H]3C[C@H]3c3ccccc3)CC2)cc1,7.199095
CC[C@H](C)[C@H](NC(=O)OC(C)(C)C)C(=O)N1Cc2cc(OCC(=O)NO)ccc2C[C@H]1C(=O)Nc1ccc(OC)cc1,7.0194507
FC(F)c1nnc(o1)-c1cnc(NC2(CC2)c2ccc(cc2F)C(F)(F)F)nc1,7.2837644
CCC(CO)NC(=O)c1ccc(cc1)-c1noc(n1)C(F)(F)F,5.397039
COc1ccc(Cl)cc1C(=O)NCCc1ccc(\C=C\C(=O)NO)cc1,7.46507
Nc1cncc(c1)-c1cn(Cc2c(F)cc(cc2F)-c2nnc(o2)C(F)F)nn1,7.3959675
C\C=C1/NC(=O)[C@H](CS)NC(=O)[C@H](NC(=O)C[C@H](OC(=O)[C@@H](NC1=O)C(C)C)\C=C\CS)C(C)C,6.9689636
FC(F)c1nnc(o1)-c1cnc(Cn2nnc(n2)-c2cccc(c2)-c2nc3CNCCc3[nH]2)c(F)c1,7.6126394
ONC(=O)c1ccc(CN2CCN(CC2)C(=O)c2c[nH]c3cccc(Cc4ccccc4)c23)cc1,7.238916
CN(c1ccc2c(C)n(C)nc2c1)c1ccnc(Nc2ccc(\C=C\C(=O)NO)cc2)n1,7.495054
ONC(=O)c1cnc(Nc2c(Cl)cccc2Cl)nc1,7.8647184
OCC(\C=C\c1ccc(F)cc1)N1CCN(CC1)c1ncc(cn1)C(=O)NO,7.644535
Cc1ccc(cc1)-c1cc(nn1-c1ccc(cc1)S(N)(=O)=O)C(=O)NCCCCCCC(=O)NO,7.557002
CN(C)c1ccc(CC(N=O)C(=O)NCCS)cc1,6.1022916
COc1ccc(OCc2ccc(-c3noc(n3)C(F)(F)F)c(F)c2)nc1,7.241386
CCCCN(Cc1ccc(cc1)C(=O)NO)C(=O)CCCC,7.239827
CC(C)C[C@@H](C(=O)N1CCC(CC1)(Nc1ncc(cn1)C(=O)NO)c1ccccc1)c1ccccc1,8.184181
FC(F)c1nnc(o1)-c1cc(F)c(Cn2nnc(n2)-c2ccc3cnccc3c2)cc1F,7.185149
ONC(=O)\C=C\c1ccc(OC[C@H](Cc2c[nH]c3ccccc23)NC(=O)Cc2ccccc2)cc1,6.7385645
CN(CCCCC(=O)NO)Cc1ccc(OCc2cccc(c2C)-c2ccccc2)cc1OCc1cccc(c1)C#N,5.4222918
COc1cc2CCCO[C@H](CCCCCC(=O)NO)C(=O)Nc3ccccc3OCc(c2)c1,7.922353
CCOc1ccc(C[C@H]2C[C@H](C2)C(=O)NO)cc1-c1nc2c(CC)nn(C)c2c(=O)[nH]1,6.099337
Cn1c(cc2ccccc12)-c1nc2ccc(cc2[nH]1)C(=O)NO,7.8998547
ONC(=O)CCCCCCNC(=O)c1ccc2NC(=O)CCc2c1,8.173445
CC(C)(C)OC(=O)N1CCC(C1)NC(=O)c1ccc(cc1)-c1noc(n1)C(F)(F)F,5.1165466
Fc1cc(COc2ccccc2)ccc1-c1noc(n1)C(F)(F)F,7.07629
Nc1ncnc2n(nc(-c3ccc(Cl)cc3)c12)-c1cccc(c1)-c1cnnn1CCCCCC(=O)NO,7.809673
SCC(=O)NCC(S)CCCn1ccc2cc(Cl)c(Cl)cc12,6.4187183
ONC(=O)c1cnc(Nc2cccc(c2)C(F)(F)F)nc1,7.999956
Cn1c(nc2cccc(Cl)c2c1=O)[C@@H]1C[C@H](CN1c1nc(N)nc(N)c1C#N)OC(=O)NCc1ccc(s1)C(=O)NO,7.056198
Fc1cc(cnc1N1C(CCC1=O)c1ccccc1)-c1noc(n1)C(F)(F)F,7.855661
ONC(=O)c1ccc2nc([nH]c2c1)-c1ccc(cc1)-c1ccc(CN2CCOCC2)cc1,7.8594875
Nc1ccc(cn1)-c1cn(nn1)C(CCCN1CCCCC1)c1ccc(cc1)-c1nnc(o1)C(F)F,6.2275214
FC(F)c1nnc(o1)-c1cnc(N[C@H](Cn2cnc(c2)C(F)(F)F)c2ccc(F)cc2)nc1,7.1238112
CCCCN(C(=O)NCc1ccc(cc1)C(=O)NO)c1ccccc1,7.320416
CN(CCN1CCN(C)CC1)S(=O)(=O)N(Cc1ccc(cc1)-c1nnc(o1)C(F)F)c1ccccc1,5.872818
CC(C)\C=C\c1sc(nc1C(=O)NCCCNC(=O)CS)-c1nccs1,5.9527717
COCCCN(Cc1ccc(cc1)C(=O)NO)C(=O)Nc1ccccc1,8.480531
CN1CCc2c(C1)c1cc(C)ccc1n2Cc1ccc(cn1)C(=O)NO,8.28832
CCN(CC)CCNC(=O)c1ccc(cc1)-c1cn(CCCCCCC(=O)NO)nn1,7.3349047
CN1CCN(CC1)NC(=O)c1cccc(c1)C(=O)NO,5.8654146
COc1cc2CCCOC(CCCCCC(=O)NO)C(=O)Nc3ccccc3OCc(c2)c1,8.147803
SCCCCCCNC(=O)c1cc(n[nH]1)-c1ccc(cc1)-c1ccccc1,7.050086
FC(F)c1nnc(o1)-c1ccc(COc2ccc(F)cc2F)nc1,7.117438
ONC(=O)c1ccc(CN2[C@@H]3CCCC[C@H]3Cc3ccccc23)cc1,7.873003
ONC(=O)c1ccc(cc1)C1CCCC1,6.9232044
CC(C)(C)c1csc(NC(=O)[C@H](CCCCNS(N)(=O)=O)NC(=O)OCc2ccccc2)n1,5.902404
Cc1ccc(cc1)-c1ccc(Cn2cccc(O)c2=S)cc1,5.911639
CS(=O)(=O)N(Cc1ncc(s1)-c1nnc(o1)C(F)(F)F)c1cncc(c1)C#N,7.2782817
SCCCCC[C@H](NC(=O)[C@@H]1CCCC(=O)N1)C(=O)NCc1cccc(OCc2ccccc2)c1,6.930344
C\C=C1/NC(=O)[C@H]2CSSCC\C=C\[C@@H](CC(=O)N[C@H](C(C)C)C(=O)N2)OC(=O)[C@@H](NC1=O)C(C)C,5.7964134
COc1cc(cc(OC)c1OC)C(=O)c1cn(c2ccccc12)S(=O)(=O)c1cccc(\C=C\C(=O)NO)c1,6.425076
COc1cc(OCc2cccc(c2C)-c2ccccc2)cc(OC)c1CN(C)CCCCC(=O)NO,5.4978657
ONC(=O)\C=C\c1ccc(CCNC(=O)c2ccc3OCOc3c2)cc1,7.5115457
ONC(=O)c1ccc(Cn2cc(nc(N3CCOCC3)c2=O)-c2cn[nH]c2)cc1,7.7557125
ONC(=O)c1ccc(NC2CCN(C2=O)c2ccc(cc2)C#N)cc1,6.4421496
COc1ncccc1OCc1ccc(cn1)-c1noc(n1)C(F)(F)F,7.2640924
OCCCCn1nc(cc1-c1ccc(F)cc1)C(=O)NCCCCCCS,6.840694
CC(NCc1ccc(cc1)C(=O)NO)C12CC3CC(CC(C3)C1)C2,7.150267
Cc1nc(Cl)cc(OCc2ccc(cn2)-c2nnc(o2)C(F)F)n1,6.8831644
COc1cc(Nc2ncc(cn2)C(=O)NO)cc(c1)C(F)(F)F,8.045643
CN(C)c1ncc(cc1F)C(=O)NO,7.59429
Fc1cc(-c2noc(n2)C(F)(F)F)c(F)cc1N1C(CCC1=O)c1ccccc1,7.7587905
ONC(=O)CCCCCCNC(=O)c1ccc2[nH]c(=O)ccc2c1,8.176846
Nc1nc2ncc(CNc3ccc(cc3)C(=O)NO)nc2c(=O)[nH]1,7.063318
Fc1ccccc1N1C(CCC1=O)c1ccc(cc1)-c1noc(n1)C(F)(F)F,7.5020456
CC(C)c1cc(C(=O)N2Cc3ccc(NC(=O)CCCC(=O)NO)cc3C2)c(O)cc1O,6.017347
CC(C)Oc1ccc(cc1-c1cn(C)c(=O)c2[nH]c(cc12)C(=O)NCc1ccc(cc1)C(=O)NO)C(C)(C)O,7.6076903
CC(C)(C)C(=O)N[C@@H](CCCCCS)C(=O)NC1CCCC1,6.7180424
CCC(Nc1ncc(cn1)-c1nnc(o1)C(F)F)c1ccc(F)cc1,6.3783956
Cc1nc(-c2cccc(\C=C\C(=O)NO)c2)n(CCc2ccccc2)c1Cc1ccccc1,7.185939
ONC(=O)c1cnc(NC2(CC2)c2cc(cc(c2)C(F)(F)F)C(F)(F)F)nc1,8.30853
COc1cc(cc(OC)c1OC)C(=O)c1csc(n1)-c1ccc(NC(=O)CCCCCC(=O)Nc2ccccc2N)cc1,5.049194
ONC(=O)CCCCCONC(=O)c1ccc2ccccc2c1,8.072648
Cc1noc(n1)[C@H]1CCCCN1c1cc(F)c(cc1F)-c1noc(n1)C(F)(F)F,7.2061286
C[C@H](Nc1ncc(cn1)C(=O)NO)c1ccccc1,8.277435
FC(F)(F)C(=O)c1ccc(s1)C(=O)N1CCc2ccccc12,5.772806
CC(C)c1ccc(cc1)-c1cc2ncc(cc2s1)C(=O)NO,7.932082
FC(F)(F)c1nc(no1)-c1ccc(cc1)N1C(CCC1=O)c1ccccc1,7.219554
CNc1ccc(cc1NC(=O)N1CCOCC1)-c1nnn(Cc2ccc(cc2)-c2nnc(o2)C(F)F)n1,7.2285895
FC(F)c1nnc(o1)-c1ccc(COc2cccc(c2)C#N)nc1,6.9849763
Fc1cccc(c1)C1COCCN1c1ccc(cn1)-c1noc(n1)C(F)(F)F,7.35594
CCN(CC)c1ccc(cc1)C(=O)NCCCCCCC(=O)NO,7.458688
FC(F)c1nnc(o1)-c1ccc(COc2cccc3cnccc23)nc1,7.0392427
Cc1c(n[nH]c1C(=O)NCCCCCCS)-c1ccc(F)cc1,6.670141
ONC(=O)c1cnc(NCc2cccc(Cl)c2)nc1,8.046039
Oc1ccc(\C=C2/Oc3ccccc3C2=O)cc1O,4.568855
CCSC(=S)SCC(=O)c1ccc(CC(=O)NCCOc2ccccc2)s1,7.728041
SCC(=O)NCCCCCNc1c(Cl)cc(Cl)c2cccnc12,6.3729615
OC(=O)CCCCCCC(=O)Nc1ccc(cc1)C1=C(C2CC(C1O2)S(=O)(=O)Oc1cccc(O)c1)c1ccc(O)cc1,5.9208984
C[C@H]1CN(CCS(=O)(=O)N(Cc2ncc(s2)-c2nnc(o2)C(F)F)c2cncc(F)c2)CCO1,7.6110663
Fc1cc(COc2cncc(Cl)c2)ccc1-c1noc(n1)C(F)(F)F,7.238265
FC(F)c1nnc(o1)-c1ccc(Cn2cnc(c2)-c2cccc(NC(=O)N3CCOCC3)c2)cc1,7.201983
Cc1cc(C)c2c(n1)sc1c2ncn(CC(O)=O)c1=O,4.968099
CC(C)(C)OC(=O)n1ccc2c(cccc12)N1C(=O)N(Cc2ccc(cn2)-c2nnc(o2)C(F)F)C(=O)C1(C)C,7.549806
COCCOCC(=O)SCCCCCC(NC(=O)OCc1ccccc1)C(=O)Nc1cccc2cccnc12,7.139631
Cn1c(SCCCCCC(=O)Nc2ccccc2N)nnc1-c1ccncc1,4.2471037
CCOc1ccc(Oc2ccc(cc2)C(=O)NO)cc1-c1nc2c(CC)nn(C)c2c(=O)[nH]1,6.4750004
ONC(=O)CCCCCCC(=O)Nc1ccc(Nc2nc(-c3cnn(CCCCCOc4ccccc4)c3)c3cc[nH]c3n2)cc1,8.815243
COc1ccc(\C=C\C(=O)NO)cc1,6.7612076
Cc1cc(NC(=O)c2ccc(cc2F)-c2noc(n2)C(F)(F)F)cc(C)n1,5.8605614
Nc1nc(N)c(C#N)c(n1)N1C[C@H](C[C@H]1c1nc2cccc(Cl)c2c(=O)n1-c1ccccc1)OC(=O)NCc1ccc(cc1)C(=O)NO,7.410677
COc1ccc(CN2CC(=O)N(Cc3ccc(cc3)C(=O)NO)C2=O)cc1,8.00716
CN1CCN(CC1)C(=S)N(Cc1ccc(cc1)-c1nnc(o1)C(F)F)c1ccccc1,6.9868155
ONC(=O)c1ccc(CN2c3ccccc3[S+]([O-])c3ccc(cc23)C(F)(F)F)cc1,7.615552
Oc1ccc[nH]c1=S,5.723585
Nc1nn(nc1C(=O)NCc1ccc(cc1)C(=O)NO)-c1ccccc1,8.051274
ONC(=O)CCCCOCc1cc(on1)-c1ccccc1,7.2013865
Cl.CN(C)CCCNC(=O)c1ccc(\C=C2/CCn3c2nc2cc(N4CCN(CCCCCCCC(=O)NO)CC4)c(F)cc2c3=O)cc1,6.714677
Cc1cnc(COc2cc(ccn2)-c2noc(n2)C(F)(F)F)cn1,7.23534
ONC(=O)c1ccc(CCCN2CCC(CNC3CC3c3cnn(c3)-c3ccccc3)CC2)cc1,6.9927764
COc1ccccc1NC(=O)NCc1ccc(cc1)C(=O)NO,7.729438
CC[C@@H]1OC(=O)[C@H](C)[C@@H](O[C@@H]2C[C@](C)(OC)[C@@](O)(CN(C)Cc3ccc(cc3)-c3cn(CCCC(=O)NO)nn3)[C@@H](C)O2)[C@@H](C)[C@@H](O[C@@H]2O[C@H](C)C[C@@H]([C@H]2O)N(C)C)[C@](C)(O)C[C@@H](C)CN(C)[C@H](C)[C@@H](O)[C@]1(C)O,6.0049105
CCC(C)[C@@H]1NC(=O)[C@@H](Cc2ccc(OC)cc2)NC(=O)[C@H](CCCCSCC(=O)C(F)(F)F)NC(=O)[C@H]2CCCN2C1=O,6.236262
ONC(=O)CCCCCCn1cc(nn1)-c1ccc2ncnc(Nc3cccc(Cl)c3F)c2c1,8.104137
COc1ccc(cc1)-c1ccc(\C=C\C=C\C(=O)NO)cc1,5.7388606
ONC(=O)c1ccc(Cn2ccc3cc(ccc23)C(=O)NCC23C[C@H]4C[C@H](C[C@H](C4)C2)C3)cc1F,7.380061
CC(C)(C)OC(=O)N1CCN([C@H](C1)c1ccccc1)c1c(F)cc(cc1F)-c1noc(n1)C(F)(F)F,7.21488
Cc1cc(=O)[nH]c(SCC(=O)c2ccc3CC(=O)Nc3c2)n1,5.6876082
[I-].CC[N+]1=C(\C=C\C2=C3Oc4cc(O)cc(OCCCCCCCC(=O)NO)c4C=C3CCC2)C(C)(C)c2ccccc12,7.4403124
COc1ccc(Nc2ncnc3cc(NC(=O)CCCCCCC(=O)NO)sc23)c(C)c1,7.343409
CC(C)(F)CN1CCc2cc(O)ccc2C1c1ccc(OC2CN(CC(=O)NO)C2)cc1,5.270093
ONC(=O)c1ccc(CN(C2CC2)C(=O)c2c(F)c(F)c(F)c(F)c2F)cc1,8.043329
Nc1ccc(cn1)-c1cn(nn1)C(CCN1CCCC1)c1ccc(cc1)-c1nnc(o1)C(F)F,6.6511726
Fc1cc(ccc1N1[C@@H](COCC1=O)c1ccccc1)-c1noc(n1)C(F)(F)F,7.8637195
CCS(=O)(=O)N(Cc1ncc(s1)-c1nnc(o1)C(F)F)c1ccnc(c1)C1CC1,7.4047227
FC(F)(F)c1nc(no1)-c1ccc(COc2nccc3nccn23)nc1,7.335144
Nc1cc2cc(ccc2cn1)-c1cn(Cc2ccc(cc2F)-c2nnc(o2)C(F)F)nn1,7.2156677
CN1CC(N(C(=O)C1)c1ccc(cc1)-c1noc(n1)C(F)(F)F)c1ccccc1,6.4690685
CC(C)(C)OC(=O)Nc1cccc(c1)-c1cc(no1)C(=O)NCCc1cc(no1)C(=O)NO,7.9436374
CCOC(=O)N[C@@H](CCCCNS(N)(=O)=O)C(=O)Nc1nc(cs1)-c1ccccc1,6.412412
CC\C(=C(/c1ccc(O)cc1)c1ccc(OCCN(C)C)cc1)c1ccc(CCCCC(=O)NO)cc1,5.6912637
CCOc1ccc(CC2CCC(CC(=O)NO)CC2)cc1-c1nc2c(CC)nn(C)c2c(=O)[nH]1,6.4353943
Nc1nc2ncc(CNc3ccc(cc3)C(=O)NCCCCC(=O)NO)nc2c(=O)[nH]1,6.5231643
FC(F)(F)c1nc(no1)-c1ccc(nc1)N1CCOCC1c1ccccc1Cl,7.1084633
FC(F)(F)c1nc(no1)-c1cnc(NCc2ccccn2)c(Cl)c1,6.3325133
ONC(=O)CCCCCn1[se]c2ccccc2c1=O,7.2460914
FC(F)c1nnc(o1)-c1ccc(Cn2nnc(n2)-c2cccc3C(=O)CCc23)cc1,7.2864723
FC(F)c1nnc(o1)-c1cnc(COc2ccc3cnccc3c2)c(F)c1,7.2221656
CC(=O)N1CC2(C1)CN(C2)C(=S)N(Cc1ccc(cc1F)-c1nnc(o1)C(F)F)c1ccc(F)c(F)c1,7.106036
Cc1cc(=O)[nH]c(SCC(=O)c2cccs2)n1,5.3327894
ONC(=O)CCCNc1cc(cc(c1)-c1cccnc1)N1CCN(CC1)c1ccc(F)cc1,5.764329
CC[C@H]1OC(=O)[C@H](C)C(=O)[C@H](C)[C@@H](O[C@@H]2O[C@H](C)C[C@@H]([C@H]2O)N(C)Cc2cccc(c2)-c2cn(CCCCCC(=O)NO)nn2)[C@](C)(C[C@@H](C)C2=NCCN3[C@H]([C@H]2C)[C@]1(C)OC3=O)OC,6.9006853
CCCC[C@H]1NC(=O)C[C@@H]2OC(=O)C[C@H](O)[C@H](NC(=O)[C@@H](CSSCC\C=C\2)NC1=O)[C@@H](C)CC,5.983802
COc1ncc(NCc2ccc(cc2)-c2cn(Cc3ccc(cc3)-c3nnc(o3)C(F)F)nn2)cc1C(N)=O,7.187138
CC1(CCN(C1=O)c1ccc2ncccc2c1)Nc1ccc(cc1)C(=O)NO,7.329081
COc1ccc(cc1)C(=O)CSC(=S)SCCOc1ccccc1,7.008752
CC1(C)C(=O)Nc2ccc(cc12)-c1cn(Cc2ccc(cn2)-c2nnc(o2)C(F)F)nn1,7.1414404
Cc1cncnc1OCc1ccc(-c2noc(n2)C(F)(F)F)c(F)c1,7.1471443
Oc1ccc(cc1)-c1cnc(NC(=O)CCCCCCNC(=O)C(O)(O)C(F)(F)F)s1,4.088684
ONC(=O)c1ccc(CN(Cc2nnnn2Cc2ccccc2)C(=O)c2ccccc2C(F)(F)F)cc1,7.0073457
Nc1ncc(Cc2ccc3NCCCc3c2)c(N)n1,7.117265
CC(C)[C@H](C(=O)Nc1ccc(cc1)C(=O)NO)c1ccccc1,7.3928475
ONC(=O)CCCCC[C@H](NC(=O)C1CCCNC1=O)C(=O)Nc1ccccc1,8.1992035
CNc1ncc2cc(ccc2n1)-c1cn(Cc2ccc(-c3nnc(o3)C(F)F)c(F)c2)nn1,7.2085905
ONC(=O)c1ccc(CN2c3ccccc3S(=O)(=O)c3ccccc23)cc1,8.412145
CNc1ccc(cc1)C(=O)NO,6.7710423
COc1cc(cc(OC)c1OC)C(=O)c1csc(n1)-c1ccc(OCc2ccc(cc2)C(=O)NO)cc1,5.7513537
Nc1ncnc2cc(ccc12)-c1cn(Cc2ccc(-c3nnc(o3)C(F)F)c(F)c2)nn1,7.1432896
FC(F)(F)c1nc(no1)-c1ccnc(OCc2ccn(n2)C2CC2)c1,7.125915
CN(C)Cc1nn(Cc2ccc(cc2)C(=O)NO)c2ccccc12,7.586805
ONC(=O)\C=C\c1ccc(cc1)-c1ccc2ncnc(Nc3ccc(OCc4cccc(F)c4)c(Cl)c3)c2c1,6.676103
FC(F)c1nnc(o1)-c1cnc(COc2cccc(c2)C#C)c(F)c1,7.5879087
NC(=O)c1cccc(NCc2ccc(cc2)-c2noc(n2)C(F)(F)F)c1,7.0034103
ONC(=O)c1ccc(CN2C(=O)c3ccccc3C2=O)cc1-c1ccccc1,5.46647
ONC(=O)\C=C\c1ccc(CCCCCCc2n[nH]c(=O)c3cc(F)ccc23)cc1,7.8332686
ONC(=O)c1ccc(CCCn2cnc(CNC3CC3c3ccccc3)c2)cc1,7.3060217
FC(F)c1nnc(o1)-c1cnc(NC2(CC2)c2cccc(c2)-c2ccc(F)cc2)nc1,7.0303984
Cc1cccc(C)c1N(c1ccccc1)c1ncc(cn1)C(=O)NCCCCCCC(=O)NO,7.9785376
Oc1ccc(CC(=O)C(=O)NCCS)cc1Br,5.504992
Cn1cc(cn1)-c1cc2cc(ccc2s1)C(=O)NO,7.6550055
Fc1ccc(cc1)C(=O)CCCCN1CCN(CC2Cc3occc3C(=O)C2)CC1,5.587337
CC(=O)NC(Cc1ccc(cn1)-c1noc(n1)C(F)(F)F)c1cccc(c1)C(F)(F)F,6.919099
CCS(=O)(=O)N(Cc1ncc(s1)-c1nnc(o1)C(F)F)c1ccc2cnn(C)c2c1,7.5088663
Fc1cc(COc2nnnc3ccccc23)ccc1-c1noc(n1)C(F)(F)F,7.2879477
CCOc1ccc(cc1-c1nc2c(CC)nn(C)c2c(=O)[nH]1)C1CCC(CC(=O)NO)CC1,6.2699704
ONC(=O)c1ccc(CCCN2CCc3cc(CN[C@H]4C[C@@H]4c4ccc(F)cc4)ccc3C2)cc1,7.4752283
CCN1CCCC(C1)n1c(nc2ccccc12)-c1cccc(\C=C\C(=O)NO)c1,7.1497126
ONC(=O)CCCCCCC(=O)Nc1ccc(cc1)-c1cnnn1Cc1ccc(F)cc1,8.305134
CC(C)[C@H](NC(=O)c1nc(sc1C1CC1)-c1nccs1)c1ccc(cc1)C(=O)NO,7.6428766
CN(Cc1cc(on1)-c1nnc(o1)C(F)F)c1cccc(Cl)c1,6.544218
CN(C)c1nc2cc(ccc2o1)-c1nnn(Cc2ccc(cc2)-c2nnc(o2)C(F)F)n1,7.0884566
ONC(=O)CCCCCCC(=O)Nc1ccc(Nc2nc(-c3cn[nH]c3)c3cc[nH]c3n2)cc1,8.46299
FC(F)(F)c1nc(no1)-c1ccc(CNc2cccc(c2)-n2cncn2)nc1,7.607294
CCSC(=S)SCC(=O)c1ccc(cc1)S(=O)(=O)Nc1ccc(OC)cc1,6.777839
CNc1nc(Cl)nc2n(Cc3ccc(cc3)C(=O)Nc3ccccc3N)cnc12,6.240749
ONC(=O)c1cc2CN(CCc2s1)C(=O)CCCN1CCC(CNC2CC2c2ccc(F)cc2)CC1,6.805437
O=C1CC(CN2CCN(CC2)c2ccccc2)Cc2occc12,6.129831
Nc1nc2ncc(CNc3ccc(cc3)C(=O)NCCCCCCC(=O)NO)nc2c(=O)[nH]1,7.304675
CC12CC3CC(C)(C1)CC(C3)(C2)NC(=O)CCCCCCCC(=O)NO,6.7266912
ONC(=O)\C=C\c1ccc(o1)-c1ccc2ncnc(Nc3ccc(OCc4cccc(F)c4)c(Cl)c3)c2c1,5.887281
CC1(C)C(=O)N(Cc2ncc(s2)-c2nnc(o2)C(F)F)c2cnccc12,6.722632
CC(C)c1cc(C(=O)N2Cc3ccc(NC(=O)CCCCCCC(=O)NO)cc3C2)c(O)cc1O,7.0192266
Cc1ccnc(OCc2ccc(cn2)-c2nnc(o2)C(F)F)c1,7.099886
OC(O)(C(=O)NCCCCCCC(=O)Nc1ncc(s1)-c1ccccc1)C(F)(F)F,3.7856374
FC(F)(F)C(=O)c1ccc(s1)-c1nc(no1)-c1ccccc1,6.112696
CN(c1ccc(OCC(=O)NO)cc1)c1nc(C)nc2CCCc12,7.121634
CC(C)c1ccc(cc1)C(=O)N(Cc1ccc(cc1)C(=O)NO)C(C)(C)C(=O)NC1CCCCC1,7.205658
CC(C)Oc1ccc(cc1-c1cn(C)c(=O)c2[nH]c(cc12)C(=O)NCCCCCCC(=O)NO)C(C)(C)O,7.4594293
CCCCC(c1ccc(cc1)-c1nnc(o1)C(F)F)n1cc(nn1)-c1ccc(N)nc1,6.7028127
CC(C)(C)OC(=O)N[C@@H](CCCCCS)C(=O)NC1CCCC1,6.697728
ONC(=O)c1ccc(Cn2cc(CNC3CC3c3ccccc3)nn2)cc1,7.4581013
ONC(=O)CCCCCCNC(=O)c1ncc(o1)-c1ccc(Br)cc1,7.861014
FC(F)c1nnc(o1)-c1cnc(NC2(CC2)c2cccnc2)nc1,7.2771416
Cc1cc(F)ccc1Nc1ncnc2cc(NC(=O)CCCCCCC(=O)NO)sc12,7.7434907
CCC(=O)CCCCC[C@H](NC(=O)[C@H]1CC11CCN(C)CC1)c1ncc([nH]1)-c1ccc2nc(ccc2c1)C1CC1,5.6185007
ONC(=O)c1ccc2sc(nc2c1)-c1cncc(Br)c1,7.900587
CCS(=O)(=O)N(Cc1ncc(s1)-c1nnc(o1)C(F)F)c1nc2ccc(F)cc2o1,7.0180383
Nc1ccc(cn1)-c1cn(nn1)[C@@H](CO)c1ccc(cc1)-c1nnc(o1)C(F)F,7.5229697
CN1CCN(CC1)c1ncc(cc1F)C(=O)NO,7.964904
CC(C)n1ncc2c(cc(cc12)-c1ccc(NC(=O)CCCCCC(=O)NO)cc1)C(=O)NCc1c(C)cc(C)[nH]c1=O,6.6284246
Cc1ccc(cc1)-c1cc(nn1-c1ccc(cc1)S(N)(=O)=O)C(=O)NCCCCCCCC(=O)NO,7.4497986
CCN(c1ccc(cc1)C(=O)NO)S(=O)(=O)c1cccc(c1)C(F)(F)F,6.8315945
Cc1noc(n1)[C@H]1CCCCN1c1ncc(cc1Cl)-c1noc(n1)C(F)(F)F,6.85953
CC(C)(C)OC(=O)N1CCN([C@H](C1)c1ccccc1)c1ccc(cn1)-c1noc(n1)C(F)(F)F,6.619578
COc1ccc2Sc3ccccc3N(CCCCCC(=O)NO)C(=O)c2c1,6.4228992
CN(CCCCCCC(=O)NO)C(=O)c1ccc(Nc2c(C)cc(C)cc2C)cc1,6.753572
ONC(=O)c1ccc(CC(=O)N2CCC(CNC3CC3c3ccccc3)CC2)cc1,6.843281
CN(CCCCCCC(=O)NO)C(=O)c1ccc(Nc2c(C)cccc2Cl)cc1,7.1313744
ONC(=O)c1ccc(CCCN2CCC(CN[C@H]3C[C@@H]3c3ccc(OCc4ccc(F)cc4)cc3)CC2)cc1,7.3755693
Cc1cccc(c1)-c1ccc(Cn2cccc(O)c2=S)cc1,5.925505
CC1(C)CC(N(C1=O)c1ccc(cc1F)-c1noc(n1)C(F)(F)F)c1ccccc1,6.272255
FC(F)c1nnc(o1)-c1cnc(CN(C(=O)CCN2CCOCC2)c2cncc(Cl)c2)s1,6.979844
CN(C(=O)[C@@H]1CCC(=O)N1c1cc(F)c(cc1F)-c1noc(n1)C(F)(F)F)C(C)(C)C,7.711092
ONC(=O)CCCCCC(c1c[nH]c2ccccc12)c1c[nH]c2ccccc12,7.6699343
ONC(=O)CCCCCCNC(=O)c1ccc(Nc2ccccc2)cc1,7.7131944
CN(Cc1ccccc1)C(=O)c1cnc(s1)C(=O)C(F)(F)F,5.961838
FC(F)Oc1cccc(c1Cl)C1(CC1)Nc1ncc(cn1)-c1nnc(o1)C(F)F,7.3943143
COc1cc(OC)cc(c1)-c1ncc(\C=C\C(=O)NO)s1,5.9798746
Fc1ccccc1COc1cc(ccn1)-c1noc(n1)C(F)(F)F,6.919383
Cn1cccc(OCc2ccc(cn2)-c2noc(n2)C(F)(F)F)c1=O,6.9606314
COCC(=O)NC(Cc1ccc(cn1)-c1noc(n1)C(F)(F)F)c1cccc(c1)C(F)(F)F,7.0245175
ONC(=O)c1cnc(Cn2ccc3cccnc23)c(F)c1,8.306366
CCCC[C@H]1NC(=O)C[C@@H]2OC(=O)C[C@H](O)[C@H](NC(=O)[C@@H](CSSCC\C=C\2)NC1=O)C(C)C,5.919197
COc1ccncc1-c1ccc(cc1)-c1nc2cc(ccc2o1)C(=O)NO,7.820547
FC(F)(F)c1nc(no1)-c1ccc(nc1)N1CC[NH2+]C[C@@H]1c1ccccc1,7.0427923
Ic1ccc(CNC(=S)N2CCC(CC2)c2cnc[nH]2)cc1,7.3114405
ONC(=O)c1ccc2nc([nH]c2c1)N1CCN(CC1)c1ccc(F)cc1,7.536294
Cc1cccc2c(c[nH]c12)C(=O)N1CCN(Cc2ccc(cc2)C(=O)NO)CC1,7.5168505
ONC(=O)CCCCCCNC(=O)c1ccc(cc1)C(O)(c1ccccc1F)c1ccccc1F,6.791934
CCCCN(C(=O)Nc1cccc(c1)N(C)C)c1ccc(cc1)C(=O)NO,7.091229
Nc1ccc(cc1)-c1ncc(Cc2ccc(cc2)-c2nnc(o2)C(F)F)o1,6.6013627
ONC(=O)CCCCCCC(=O)Nc1ccc(Nc2nc(-c3cnn(CCCCOc4ccccc4)c3)c3cc[nH]c3n2)cc1,8.488862
Cc1ccccc1N(c1ccccc1)c1ncc(cn1)C(=O)NCCCCCCC(=O)NO,7.9633594
FC(F)c1nnc(o1)-c1ccc(COc2cccc3ccncc23)nc1,7.054358
NS(=O)(=O)NCCCC[C@H](NC(=O)OCc1ccccc1)c1nnc([nH]1)-c1ccccc1,5.638711
CN1CCC[C@@H](C1)n1c(nc2ccccc12)-c1cccc(\C=C\C(=O)NO)c1,7.187417
CN(C)Cc1cn(c2ccccc12)S(=O)(=O)c1cccc(\C=C\C(=O)NO)c1,6.8014345
Nc1ccc(cc1)-n1cc(nn1)-c1cccc(NC(=O)CCCCCCC(=O)NO)c1,8.160542
COc1ccc(CN2CCc3c(C2)c2ccccc2n3Cc2ccc(cc2)C(=O)NO)cc1,8.169614
Cc1cc(C)nc(SCC(=O)Nc2ncc(Cc3cccc(OCc4cn(Cc5ccc(cc5)C(=O)NO)nn4)c3)s2)n1,7.741581
ONC(=O)c1ccc(CCN2CCN(CC2)C(c2ccccc2)c2ccccc2)cc1,6.4547124
CCCc1cc(nn1Cc1ccc(cc1)C(=O)NO)-c1ccc(F)cc1,7.3959293
CCCS(=O)(=O)N(Cc1ncc(s1)-c1nnc(o1)C(F)F)c1cncc(F)c1,7.621184
CN(C)C(=O)CN(Cc1ccc(cc1)C(=O)NO)C(=O)c1cc(C)cc(C)c1,6.6015024
FC(F)c1nnc(o1)-c1cnc(NC(COC2CC2)c2ccc(F)cc2F)nc1,7.014409
ONC(=O)c1ccc(CN2c3ccccc3Sc3cccc(Cl)c23)cc1,7.2155113
ONC(=O)CCCCCCNC(=O)c1cnc(nc1)N1CCc2ccccc2C1,7.6220584
Cc1ccc(cc1)-c1cc(\C=C\c2ccc(cc2)C(=O)NO)ccn1,7.025666
Oc1cccn(CCCCCCCn2cc(nn2)-c2ccccc2)c1=S,6.127682
FC(F)c1nnc(o1)-c1cnc(CN(c2cncc(F)c2)S(=O)(=O)CCN2CCOCC2)s1,7.5931015
ONC(=O)\C=C\c1ccc(cc1)C(=O)NC(Cc1c[nH]c2ccccc12)C(=O)Nc1ccc(I)cc1,7.1000257
FC(F)c1nnc(o1)-c1ccc(Cn2nnc(n2)-c2ccc3NC(=O)C4(CCCC4)Nc3c2)nc1,7.228836
OC(=O)Cn1cnc2ccc(Br)cc2c1=O,4.8105783
COC(=O)N(Cc1ncc(s1)-c1nnc(o1)C(F)F)c1cccnc1,6.843538
Cc1cc(C)nc(COc2nccc(-c3noc(n3)C(F)(F)F)c2Cl)n1,6.8865128
NCCc1cnc(CCCCC(c2ccccc2)c2ccccc2)[nH]1,6.906707
FC(F)c1nnc(o1)-c1cc(F)c(Cn2cc(nn2)-c2ccc(cc2)C(=O)N2CCCC(C2)C(=O)NCC2CC2)c(F)c1,7.112586
FC(F)(F)c1nc(no1)-c1ccc(CN(C(=O)CN2CCS(=O)(=O)CC2)c2cccc(c2)C(F)(F)F)cc1,7.4905543
ONC(=O)c1ccc(CN(C2CC2)S(=O)(=O)c2c(F)c(Cl)c(F)c(Cl)c2F)cc1,7.920711
CN(Cc1ccc(cc1)C(=O)NO)C(=O)c1c(F)c(F)c(F)c(F)c1F,7.9252667
ONC(=O)c1ccc(CCCN2CCC(CNC3CC3c3ccc(cc3)C(=O)N3CCOCC3)CC2)cc1,6.416509
ONC(=O)c1ccc(Sc2nnc(s2)-c2ccccc2)cc1,7.4659615
Nc1nc2ccc(cc2s1)-c1cc(Cc2ccc(cc2)-c2nnc(o2)C(F)F)on1,6.9717073
COc1ccc(Cl)cc1C1(CC1)Nc1ncc(cn1)C(=O)NO,8.392233
COc1ccc(cc1)-c1nc(co1)C(=O)NO,6.3205066
SCCCCC[C@H](NC(=O)OC1CCCCC1)C(=O)NC1CCCC1,6.692732
COc1ccc(CC(=O)N[C@@H](Cc2cscn2)C(=O)Nc2ccc(cc2)C(=O)NO)cc1OC,7.588042
ONC(=O)c1ccc(CCCC2CCN(CC2)C(=O)CNC2CC2c2ccccc2)cc1,6.6308084
ONC(=O)c1ccc(Cn2nc(Cc3ccccc3)cc2-c2ccc(F)cc2)cc1,7.461421
CC(C)(C)c1cc(CN(C(=O)c2cccc(c2)C(F)(F)F)c2ccc(cc2)C(=O)NO)cc(c1)C(C)(C)C,6.615775
Nc1ncnc2sc(cc12)-c1cn(Cc2ccc(-c3nnc(o3)C(F)F)c(F)c2)nn1,7.135777
NC(=O)c1ccc(NCc2ccc(cc2)-c2noc(n2)C(F)(F)F)cc1,6.723636
CN1CCc2c(C1)n(Cc1ccc(cc1)C(=O)NO)c1ccccc21,8.170737
ONC(=O)c1ccc(CNC(=O)N2CCC(CC2)N2C(CC2=O)c2cccc(Cl)c2)cc1,7.9895954
FC(F)c1nnc(o1)-c1ccc(COCC2CC3CCC(C2)N3)nc1,6.6898065
ONC(=O)\C=C\C=C\c1ccc2OCOc2c1,5.744333
FC(F)c1nnc(o1)-c1cnc(NC2(CCC2)c2ccc(OCC(F)(F)F)cc2)nc1,7.0063515
CCC(=O)CCCCC[C@H](NC(=O)C1CCN(C)CC1)c1nc(c[nH]1)-c1ccc2ccccc2c1,5.6367226
OC(O)(C(=O)NCCCCCCC(=O)Nc1ccc(Br)cc1)C(F)(F)F,3.8424478
CCSC(=S)SCC(=O)c1cccc(c1)S(=O)(=O)Nc1cccc(c1)C(N)=O,6.614622
COc1ccc(cc1NC(=O)c1cc(ccc1OC)C(=O)NO)C(C)=O,5.8085127
CNCCNC(=O)c1ccc(cc1)-c1noc(n1)C(F)(F)F,5.813427
C\C=C1\NC(=O)[C@@H](CS)NC(=O)[C@H](NC(=O)C[C@H](OC(=O)[C@@H](NC1=O)C(C)C)\C=C\CCS)C(C)C,6.3624134
Fc1cc(COc2cccc3C(=O)NCCc23)ccc1-c1noc(n1)C(F)(F)F,7.260988
ONC(=O)c1ccc(CN2CCCOc3ccccc23)cc1,7.779193
COc1ccc2cc(OCc3ccc(-c4noc(n4)C(F)(F)F)c(F)c3)nnc2c1,7.301256
FC(F)c1nnc(o1)-c1ccc(Cn2cc(cn2)-c2ccc3CNC(=O)c3c2)nc1,7.3376207
CC(C)C1(CC1)Nc1ncc(cn1)-c1nnc(o1)C(F)F,6.8769774
